[{"background_id":100, "background_img_name":"bck_11.jpg", "background_img_url":"https://d3mf3wgh9v41yo.cloudfront.net/bck_11.jpg"},
 {"background_id":101, "background_img_name":"bck_12.jpg", "background_img_url":"https://d3mf3wgh9v41yo.cloudfront.net/bck_12.jpg"},
 {"background_id":102, "background_img_name":"bck_13.jpg", "background_img_url":"https://d3mf3wgh9v41yo.cloudfront.net/bck_13.jpg"},
 {"background_id":103, "background_img_name":"bck_14.jpg", "background_img_url":"https://d3mf3wgh9v41yo.cloudfront.net/bck_14.jpg"},
 {"background_id":104, "background_img_name":"bck_15.jpg", "background_img_url":"https://d3mf3wgh9v41yo.cloudfront.net/bck_15.jpg"},
 {"background_id":105, "background_img_name":"bck_16.jpg", "background_img_url":"https://d3mf3wgh9v41yo.cloudfront.net/bck_16.jpg"},
 {"background_id":106, "background_img_name":"bck_17.jpg", "background_img_url":"https://d3mf3wgh9v41yo.cloudfront.net/bck_17.jpg"},
 {"background_id":107, "background_img_name":"bck_18.jpg", "background_img_url":"https://d3mf3wgh9v41yo.cloudfront.net/bck_18.jpg"},
 {"background_id":108, "background_img_name":"bck_20.jpg", "background_img_url":"https://d3mf3wgh9v41yo.cloudfront.net/bck_20.jpg"},
 {"background_id":109, "background_img_name":"bck_101.jpg", "background_img_url":"https://d3mf3wgh9v41yo.cloudfront.net/bck_101.jpg"},
 {"background_id":110, "background_img_name":"bck_102.jpg", "background_img_url":"https://d3mf3wgh9v41yo.cloudfront.net/bck_102.jpg"},
 {"background_id":111, "background_img_name":"bck_103.jpg", "background_img_url":"https://d3mf3wgh9v41yo.cloudfront.net/bck_103.jpg"},
 {"background_id":112, "background_img_name":"bck_104.jpg", "background_img_url":"https://d3mf3wgh9v41yo.cloudfront.net/bck_104.jpg"},
 {"background_id":113, "background_img_name":"bck_105.jpg", "background_img_url":"https://d3mf3wgh9v41yo.cloudfront.net/bck_105.jpg"},
 {"background_id":114, "background_img_name":"bck_110.jpg", "background_img_url":"https://d3mf3wgh9v41yo.cloudfront.net/bck_110.jpg"},
 {"background_id":115, "background_img_name":"bck_111.jpg", "background_img_url":"https://d3mf3wgh9v41yo.cloudfront.net/bck_111.jpg"},
 {"background_id":116, "background_img_name":"bck_112.jpg", "background_img_url":"https://d3mf3wgh9v41yo.cloudfront.net/bck_112.jpg"},
 {"background_id":117, "background_img_name":"bck_120.jpg", "background_img_url":"https://d3mf3wgh9v41yo.cloudfront.net/bck_120.jpg"},
 {"background_id":118, "background_img_name":"bck_121.jpg", "background_img_url":"https://d3mf3wgh9v41yo.cloudfront.net/bck_121.jpg"},
 {"background_id":119, "background_img_name":"bck_131.jpg", "background_img_url":"https://d3mf3wgh9v41yo.cloudfront.net/bck_131.jpg"},
 {"background_id":120, "background_img_name":"bck_132.jpg", "background_img_url":"https://d3mf3wgh9v41yo.cloudfront.net/bck_132.jpg"},
 {"background_id":121, "background_img_name":"bck_133.jpg", "background_img_url":"https://d3mf3wgh9v41yo.cloudfront.net/bck_133.jpg"},
 {"background_id":122, "background_img_name":"bck_134.jpg", "background_img_url":"https://d3mf3wgh9v41yo.cloudfront.net/bck_134.jpg"},
 {"background_id":123, "background_img_name":"bck_135.jpg", "background_img_url":"https://d3mf3wgh9v41yo.cloudfront.net/bck_135.jpg"},
 {"background_id":124, "background_img_name":"bck_140.jpg", "background_img_url":"https://d3mf3wgh9v41yo.cloudfront.net/bck_140.jpg"},
 {"background_id":125, "background_img_name":"bck_141.jpg", "background_img_url":"https://d3mf3wgh9v41yo.cloudfront.net/bck_141.jpg"},
 {"background_id":126, "background_img_name":"bck_142.jpg", "background_img_url":"https://d3mf3wgh9v41yo.cloudfront.net/bck_142.jpg"},
 {"background_id":127, "background_img_name":"bck_143.jpg", "background_img_url":"https://d3mf3wgh9v41yo.cloudfront.net/bck_143.jpg"},
 {"background_id":128, "background_img_name":"bck_144.jpg", "background_img_url":"https://d3mf3wgh9v41yo.cloudfront.net/bck_144.jpg"},
 {"background_id":129, "background_img_name":"bck_145.jpg", "background_img_url":"https://d3mf3wgh9v41yo.cloudfront.net/bck_145.jpg"},
 {"background_id":130, "background_img_name":"bck_150.jpg", "background_img_url":"https://d3mf3wgh9v41yo.cloudfront.net/bck_150.jpg"},
 {"background_id":131, "background_img_name":"bck_151.jpg", "background_img_url":"https://d3mf3wgh9v41yo.cloudfront.net/bck_151.jpg"},
 {"background_id":132, "background_img_name":"bck_152.jpg", "background_img_url":"https://d3mf3wgh9v41yo.cloudfront.net/bck_152.jpg"},
 {"background_id":133, "background_img_name":"bck_153.jpg", "background_img_url":"https://d3mf3wgh9v41yo.cloudfront.net/bck_153.jpg"},
 {"background_id":134, "background_img_name":"bck_154.jpg", "background_img_url":"https://d3mf3wgh9v41yo.cloudfront.net/bck_154.jpg"},
 {"background_id":135, "background_img_name":"bck_160.jpg", "background_img_url":"https://d3mf3wgh9v41yo.cloudfront.net/bck_160.jpg"},
 {"background_id":136, "background_img_name":"bck_161.jpg", "background_img_url":"https://d3mf3wgh9v41yo.cloudfront.net/bck_161.jpg"},
 {"background_id":137, "background_img_name":"bck_162.jpg", "background_img_url":"https://d3mf3wgh9v41yo.cloudfront.net/bck_162.jpg"},
 {"background_id":138, "background_img_name":"bck_170.jpg", "background_img_url":"https://d3mf3wgh9v41yo.cloudfront.net/bck_170.jpg"},
 {"background_id":139, "background_img_name":"bck_171.jpg", "background_img_url":"https://d3mf3wgh9v41yo.cloudfront.net/bck_171.jpg"},
 {"background_id":140, "background_img_name":"bck_172.jpg", "background_img_url":"https://d3mf3wgh9v41yo.cloudfront.net/bck_172.jpg"},
 {"background_id":141, "background_img_name":"bck_180.jpg", "background_img_url":"https://d3mf3wgh9v41yo.cloudfront.net/bck_180.jpg"},
 {"background_id":142, "background_img_name":"bck_181.jpg", "background_img_url":"https://d3mf3wgh9v41yo.cloudfront.net/bck_181.jpg"},
 {"background_id":143, "background_img_name":"bck_190.jpg", "background_img_url":"https://d3mf3wgh9v41yo.cloudfront.net/bck_190.jpg"},
 {"background_id":144, "background_img_name":"bck_191.jpg", "background_img_url":"https://d3mf3wgh9v41yo.cloudfront.net/bck_191.jpg"}]