[{"character_status_id":108, "character_status_url":"https://d3mf3wgh9v41yo.cloudfront.net/status_c1_m_action01.png", "character_gender":"\ub0a8", "character_status_status":"action01", "character_id":11, "character_status_name":""},
 {"character_status_id":109, "character_status_url":"https://d3mf3wgh9v41yo.cloudfront.net/status_c1_m_action11.png", "character_gender":"\ub0a8", "character_status_status":"action11", "character_id":11, "character_status_name":""},
 {"character_status_id":110, "character_status_url":"https://d3mf3wgh9v41yo.cloudfront.net/status_c1_m_action12.png", "character_gender":"\ub0a8", "character_status_status":"action12", "character_id":11, "character_status_name":""},
 {"character_status_id":111, "character_status_url":"https://d3mf3wgh9v41yo.cloudfront.net/status_c1_m_action13.png", "character_gender":"\ub0a8", "character_status_status":"action13", "character_id":11, "character_status_name":""},
 {"character_status_id":112, "character_status_url":"https://d3mf3wgh9v41yo.cloudfront.net/status_c1_m_action14.png", "character_gender":"\ub0a8", "character_status_status":"action14", "character_id":11, "character_status_name":""},
 {"character_status_id":113, "character_status_url":"https://d3mf3wgh9v41yo.cloudfront.net/status_c1_m_action21.png", "character_gender":"\ub0a8", "character_status_status":"action21", "character_id":11, "character_status_name":""},
 {"character_status_id":114, "character_status_url":"https://d3mf3wgh9v41yo.cloudfront.net/status_c1_m_action22.png", "character_gender":"\ub0a8", "character_status_status":"action22", "character_id":11, "character_status_name":""},
 {"character_status_id":115, "character_status_url":"https://d3mf3wgh9v41yo.cloudfront.net/status_c1_m_action23.png", "character_gender":"\ub0a8", "character_status_status":"action23", "character_id":11, "character_status_name":""},
 {"character_status_id":116, "character_status_url":"https://d3mf3wgh9v41yo.cloudfront.net/status_c1_m_action24.png", "character_gender":"\ub0a8", "character_status_status":"action24", "character_id":11, "character_status_name":""},
 {"character_status_id":117, "character_status_url":"https://d3mf3wgh9v41yo.cloudfront.net/status_c1_w_action01.png", "character_gender":"\uc5ec\uc790", "character_status_status":"action01", "character_id":11, "character_status_name":""},
 {"character_status_id":118, "character_status_url":"https://d3mf3wgh9v41yo.cloudfront.net/status_c1_w_action11.png", "character_gender":"\uc5ec\uc790", "character_status_status":"action11", "character_id":11, "character_status_name":""},
 {"character_status_id":119, "character_status_url":"https://d3mf3wgh9v41yo.cloudfront.net/status_c1_w_action12.png", "character_gender":"\uc5ec\uc790", "character_status_status":"action12", "character_id":11, "character_status_name":""},
 {"character_status_id":120, "character_status_url":"https://d3mf3wgh9v41yo.cloudfront.net/status_c1_w_action13.png", "character_gender":"\uc5ec\uc790", "character_status_status":"action13", "character_id":11, "character_status_name":""},
 {"character_status_id":121, "character_status_url":"https://d3mf3wgh9v41yo.cloudfront.net/status_c1_w_action14.png", "character_gender":"\uc5ec\uc790", "character_status_status":"action14", "character_id":11, "character_status_name":""},
 {"character_status_id":122, "character_status_url":"https://d3mf3wgh9v41yo.cloudfront.net/status_c1_w_action21.png", "character_gender":"\uc5ec\uc790", "character_status_status":"action21", "character_id":11, "character_status_name":""},
 {"character_status_id":123, "character_status_url":"https://d3mf3wgh9v41yo.cloudfront.net/status_c1_w_action22.png", "character_gender":"\uc5ec\uc790", "character_status_status":"action22", "character_id":11, "character_status_name":""},
 {"character_status_id":124, "character_status_url":"https://d3mf3wgh9v41yo.cloudfront.net/status_c1_w_action23.png", "character_gender":"\uc5ec\uc790", "character_status_status":"action23", "character_id":11, "character_status_name":""},
 {"character_status_id":125, "character_status_url":"https://d3mf3wgh9v41yo.cloudfront.net/status_c1_w_action24.png", "character_gender":"\uc5ec\uc790", "character_status_status":"action24", "character_id":11, "character_status_name":""},
 {"character_status_id":126, "character_status_url":"https://d3mf3wgh9v41yo.cloudfront.net/status_c2_m_action01.png", "character_gender":"\ub0a8\uc790", "character_status_status":"action01", "character_id":12, "character_status_name":""},
 {"character_status_id":127, "character_status_url":"https://d3mf3wgh9v41yo.cloudfront.net/status_c2_m_action11.png", "character_gender":"\ub0a8\uc790", "character_status_status":"action11", "character_id":12, "character_status_name":""},
 {"character_status_id":128, "character_status_url":"https://d3mf3wgh9v41yo.cloudfront.net/status_c2_m_action12.png", "character_gender":"\ub0a8\uc790", "character_status_status":"action12", "character_id":12, "character_status_name":""},
 {"character_status_id":129, "character_status_url":"https://d3mf3wgh9v41yo.cloudfront.net/status_c2_m_action13.png", "character_gender":"\ub0a8\uc790", "character_status_status":"action13", "character_id":12, "character_status_name":""},
 {"character_status_id":130, "character_status_url":"https://d3mf3wgh9v41yo.cloudfront.net/status_c2_m_action14.png", "character_gender":"\ub0a8\uc790", "character_status_status":"action14", "character_id":12, "character_status_name":""},
 {"character_status_id":131, "character_status_url":"https://d3mf3wgh9v41yo.cloudfront.net/status_c2_m_action21.png", "character_gender":"\ub0a8\uc790", "character_status_status":"action21", "character_id":12, "character_status_name":""},
 {"character_status_id":132, "character_status_url":"https://d3mf3wgh9v41yo.cloudfront.net/status_c2_m_action22.png", "character_gender":"\ub0a8\uc790", "character_status_status":"action22", "character_id":12, "character_status_name":""},
 {"character_status_id":133, "character_status_url":"https://d3mf3wgh9v41yo.cloudfront.net/status_c2_m_action23.png", "character_gender":"\ub0a8\uc790", "character_status_status":"action23", "character_id":12, "character_status_name":""},
 {"character_status_id":134, "character_status_url":"https://d3mf3wgh9v41yo.cloudfront.net/status_c2_m_action24.png", "character_gender":"\ub0a8\uc790", "character_status_status":"action24", "character_id":12, "character_status_name":""},
 {"character_status_id":135, "character_status_url":"https://d3mf3wgh9v41yo.cloudfront.net/status_c2_w_action01.png", "character_gender":"\uc5ec\uc790", "character_status_status":"action01", "character_id":12, "character_status_name":""},
 {"character_status_id":136, "character_status_url":"https://d3mf3wgh9v41yo.cloudfront.net/status_c2_w_action11.png", "character_gender":"\uc5ec\uc790", "character_status_status":"action11", "character_id":12, "character_status_name":""},
 {"character_status_id":137, "character_status_url":"https://d3mf3wgh9v41yo.cloudfront.net/status_c2_w_action12.png", "character_gender":"\uc5ec\uc790", "character_status_status":"action12", "character_id":12, "character_status_name":""},
 {"character_status_id":138, "character_status_url":"https://d3mf3wgh9v41yo.cloudfront.net/status_c2_w_action13.png", "character_gender":"\uc5ec\uc790", "character_status_status":"action13", "character_id":12, "character_status_name":""},
 {"character_status_id":139, "character_status_url":"https://d3mf3wgh9v41yo.cloudfront.net/status_c2_w_action14.png", "character_gender":"\uc5ec\uc790", "character_status_status":"action14", "character_id":12, "character_status_name":""},
 {"character_status_id":140, "character_status_url":"https://d3mf3wgh9v41yo.cloudfront.net/status_c2_w_action21.png", "character_gender":"\uc5ec\uc790", "character_status_status":"action21", "character_id":12, "character_status_name":""},
 {"character_status_id":141, "character_status_url":"https://d3mf3wgh9v41yo.cloudfront.net/status_c2_w_action22.png", "character_gender":"\uc5ec\uc790", "character_status_status":"action22", "character_id":12, "character_status_name":""},
 {"character_status_id":142, "character_status_url":"https://d3mf3wgh9v41yo.cloudfront.net/status_c2_w_action23.png", "character_gender":"\uc5ec\uc790", "character_status_status":"action23", "character_id":12, "character_status_name":""},
 {"character_status_id":143, "character_status_url":"https://d3mf3wgh9v41yo.cloudfront.net/status_c2_w_action24.png", "character_gender":"\uc5ec\uc790", "character_status_status":"action24", "character_id":12, "character_status_name":""},
 {"character_status_id":144, "character_status_url":"https://d3mf3wgh9v41yo.cloudfront.net/status_c3_m_action01.png", "character_gender":"\ub0a8\uc790", "character_status_status":"action01", "character_id":13, "character_status_name":""},
 {"character_status_id":145, "character_status_url":"https://d3mf3wgh9v41yo.cloudfront.net/status_c3_m_action11.png", "character_gender":"\ub0a8\uc790", "character_status_status":"action11", "character_id":13, "character_status_name":""},
 {"character_status_id":146, "character_status_url":"https://d3mf3wgh9v41yo.cloudfront.net/status_c3_m_action12.png", "character_gender":"\ub0a8\uc790", "character_status_status":"action12", "character_id":13, "character_status_name":""},
 {"character_status_id":147, "character_status_url":"https://d3mf3wgh9v41yo.cloudfront.net/status_c3_m_action13.png", "character_gender":"\ub0a8\uc790", "character_status_status":"action13", "character_id":13, "character_status_name":""},
 {"character_status_id":148, "character_status_url":"https://d3mf3wgh9v41yo.cloudfront.net/status_c3_m_action14.png", "character_gender":"\ub0a8\uc790", "character_status_status":"action14", "character_id":13, "character_status_name":""},
 {"character_status_id":149, "character_status_url":"https://d3mf3wgh9v41yo.cloudfront.net/status_c3_m_action21.png", "character_gender":"\ub0a8\uc790", "character_status_status":"action21", "character_id":13, "character_status_name":""},
 {"character_status_id":150, "character_status_url":"https://d3mf3wgh9v41yo.cloudfront.net/status_c3_m_action22.png", "character_gender":"\ub0a8\uc790", "character_status_status":"action22", "character_id":13, "character_status_name":""},
 {"character_status_id":151, "character_status_url":"https://d3mf3wgh9v41yo.cloudfront.net/status_c3_m_action23.png", "character_gender":"\ub0a8\uc790", "character_status_status":"action23", "character_id":13, "character_status_name":""},
 {"character_status_id":152, "character_status_url":"https://d3mf3wgh9v41yo.cloudfront.net/status_c3_m_action24.png", "character_gender":"\ub0a8\uc790", "character_status_status":"action24", "character_id":13, "character_status_name":""},
 {"character_status_id":153, "character_status_url":"https://d3mf3wgh9v41yo.cloudfront.net/status_c3_w_action01.png", "character_gender":"\uc5ec\uc790", "character_status_status":"action01", "character_id":13, "character_status_name":""},
 {"character_status_id":154, "character_status_url":"https://d3mf3wgh9v41yo.cloudfront.net/status_c3_w_action11.png", "character_gender":"\uc5ec\uc790", "character_status_status":"action11", "character_id":13, "character_status_name":""},
 {"character_status_id":155, "character_status_url":"https://d3mf3wgh9v41yo.cloudfront.net/status_c3_w_action12.png", "character_gender":"\uc5ec\uc790", "character_status_status":"action12", "character_id":13, "character_status_name":""},
 {"character_status_id":156, "character_status_url":"https://d3mf3wgh9v41yo.cloudfront.net/status_c3_w_action13.png", "character_gender":"\uc5ec\uc790", "character_status_status":"action13", "character_id":13, "character_status_name":""},
 {"character_status_id":157, "character_status_url":"https://d3mf3wgh9v41yo.cloudfront.net/status_c3_w_action14.png", "character_gender":"\uc5ec\uc790", "character_status_status":"action14", "character_id":13, "character_status_name":""},
 {"character_status_id":158, "character_status_url":"https://d3mf3wgh9v41yo.cloudfront.net/status_c3_w_action21.png", "character_gender":"\uc5ec\uc790", "character_status_status":"action21", "character_id":13, "character_status_name":""},
 {"character_status_id":159, "character_status_url":"https://d3mf3wgh9v41yo.cloudfront.net/status_c3_w_action22.png", "character_gender":"\uc5ec\uc790", "character_status_status":"action22", "character_id":13, "character_status_name":""},
 {"character_status_id":160, "character_status_url":"https://d3mf3wgh9v41yo.cloudfront.net/status_c3_w_action23.png", "character_gender":"\uc5ec\uc790", "character_status_status":"action23", "character_id":13, "character_status_name":""},
 {"character_status_id":161, "character_status_url":"https://d3mf3wgh9v41yo.cloudfront.net/status_c3_w_action24.png", "character_gender":"\uc5ec\uc790", "character_status_status":"action24", "character_id":13, "character_status_name":""},
 {"character_status_id":162, "character_status_url":"https://d3mf3wgh9v41yo.cloudfront.net/status_c4_m_action01.png", "character_gender":"\ub0a8\uc790", "character_status_status":"action01", "character_id":14, "character_status_name":""},
 {"character_status_id":163, "character_status_url":"https://d3mf3wgh9v41yo.cloudfront.net/status_c4_m_action11.png", "character_gender":"\ub0a8\uc790", "character_status_status":"action11", "character_id":14, "character_status_name":""},
 {"character_status_id":164, "character_status_url":"https://d3mf3wgh9v41yo.cloudfront.net/status_c4_m_action12.png", "character_gender":"\ub0a8\uc790", "character_status_status":"action12", "character_id":14, "character_status_name":""},
 {"character_status_id":165, "character_status_url":"https://d3mf3wgh9v41yo.cloudfront.net/status_c4_m_action13.png", "character_gender":"\ub0a8\uc790", "character_status_status":"action13", "character_id":14, "character_status_name":""},
 {"character_status_id":166, "character_status_url":"https://d3mf3wgh9v41yo.cloudfront.net/status_c4_m_action14.png", "character_gender":"\ub0a8\uc790", "character_status_status":"action14", "character_id":14, "character_status_name":""},
 {"character_status_id":167, "character_status_url":"https://d3mf3wgh9v41yo.cloudfront.net/status_c4_m_action21.png", "character_gender":"\ub0a8\uc790", "character_status_status":"action21", "character_id":14, "character_status_name":""},
 {"character_status_id":168, "character_status_url":"https://d3mf3wgh9v41yo.cloudfront.net/status_c4_m_action22.png", "character_gender":"\ub0a8\uc790", "character_status_status":"action22", "character_id":14, "character_status_name":""},
 {"character_status_id":169, "character_status_url":"https://d3mf3wgh9v41yo.cloudfront.net/status_c4_m_action23.png", "character_gender":"\ub0a8\uc790", "character_status_status":"action23", "character_id":14, "character_status_name":""},
 {"character_status_id":170, "character_status_url":"https://d3mf3wgh9v41yo.cloudfront.net/status_c4_m_action24.png", "character_gender":"\ub0a8\uc790", "character_status_status":"action24", "character_id":14, "character_status_name":""},
 {"character_status_id":171, "character_status_url":"https://d3mf3wgh9v41yo.cloudfront.net/status_c4_w_action01.png", "character_gender":"\uc5ec\uc790", "character_status_status":"action01", "character_id":14, "character_status_name":""},
 {"character_status_id":172, "character_status_url":"https://d3mf3wgh9v41yo.cloudfront.net/status_c4_w_action11.png", "character_gender":"\uc5ec\uc790", "character_status_status":"action11", "character_id":14, "character_status_name":""},
 {"character_status_id":173, "character_status_url":"https://d3mf3wgh9v41yo.cloudfront.net/status_c4_w_action12.png", "character_gender":"\uc5ec\uc790", "character_status_status":"action12", "character_id":14, "character_status_name":""},
 {"character_status_id":174, "character_status_url":"https://d3mf3wgh9v41yo.cloudfront.net/status_c4_w_action13.png", "character_gender":"\uc5ec\uc790", "character_status_status":"action13", "character_id":14, "character_status_name":""},
 {"character_status_id":175, "character_status_url":"https://d3mf3wgh9v41yo.cloudfront.net/status_c4_w_action14.png", "character_gender":"\uc5ec\uc790", "character_status_status":"action14", "character_id":14, "character_status_name":""},
 {"character_status_id":176, "character_status_url":"https://d3mf3wgh9v41yo.cloudfront.net/status_c4_w_action21.png", "character_gender":"\uc5ec\uc790", "character_status_status":"action21", "character_id":14, "character_status_name":""},
 {"character_status_id":177, "character_status_url":"https://d3mf3wgh9v41yo.cloudfront.net/status_c4_w_action22.png", "character_gender":"\uc5ec\uc790", "character_status_status":"action22", "character_id":14, "character_status_name":""},
 {"character_status_id":178, "character_status_url":"https://d3mf3wgh9v41yo.cloudfront.net/status_c4_w_action23.png", "character_gender":"\uc5ec\uc790", "character_status_status":"action23", "character_id":14, "character_status_name":""},
 {"character_status_id":179, "character_status_url":"https://d3mf3wgh9v41yo.cloudfront.net/status_c4_w_action24.png", "character_gender":"\uc5ec\uc790", "character_status_status":"action24", "character_id":14, "character_status_name":""},
 {"character_status_id":180, "character_status_url":"https://d3mf3wgh9v41yo.cloudfront.net/status_c5_m_action01.png", "character_gender":"\ub0a8\uc790", "character_status_status":"action01", "character_id":15, "character_status_name":""},
 {"character_status_id":181, "character_status_url":"https://d3mf3wgh9v41yo.cloudfront.net/status_c5_m_action11.png", "character_gender":"\ub0a8\uc790", "character_status_status":"action11", "character_id":15, "character_status_name":""},
 {"character_status_id":182, "character_status_url":"https://d3mf3wgh9v41yo.cloudfront.net/status_c5_m_action12.png", "character_gender":"\ub0a8\uc790", "character_status_status":"action12", "character_id":15, "character_status_name":""},
 {"character_status_id":183, "character_status_url":"https://d3mf3wgh9v41yo.cloudfront.net/status_c5_m_action13.png", "character_gender":"\ub0a8\uc790", "character_status_status":"action13", "character_id":15, "character_status_name":""},
 {"character_status_id":184, "character_status_url":"https://d3mf3wgh9v41yo.cloudfront.net/status_c5_m_action14.png", "character_gender":"\ub0a8\uc790", "character_status_status":"action14", "character_id":15, "character_status_name":""},
 {"character_status_id":185, "character_status_url":"https://d3mf3wgh9v41yo.cloudfront.net/status_c5_m_action21.png", "character_gender":"\ub0a8\uc790", "character_status_status":"action21", "character_id":15, "character_status_name":""},
 {"character_status_id":186, "character_status_url":"https://d3mf3wgh9v41yo.cloudfront.net/status_c5_m_action22.png", "character_gender":"\ub0a8\uc790", "character_status_status":"action22", "character_id":15, "character_status_name":""},
 {"character_status_id":187, "character_status_url":"https://d3mf3wgh9v41yo.cloudfront.net/status_c5_m_action23.png", "character_gender":"\ub0a8\uc790", "character_status_status":"action23", "character_id":15, "character_status_name":""},
 {"character_status_id":188, "character_status_url":"https://d3mf3wgh9v41yo.cloudfront.net/status_c5_m_action24.png", "character_gender":"\ub0a8\uc790", "character_status_status":"action24", "character_id":15, "character_status_name":""},
 {"character_status_id":189, "character_status_url":"https://d3mf3wgh9v41yo.cloudfront.net/status_c5_w_action01.png", "character_gender":"\uc5ec\uc790", "character_status_status":"action01", "character_id":15, "character_status_name":""},
 {"character_status_id":190, "character_status_url":"https://d3mf3wgh9v41yo.cloudfront.net/status_c5_w_action11.png", "character_gender":"\uc5ec\uc790", "character_status_status":"action11", "character_id":15, "character_status_name":""},
 {"character_status_id":191, "character_status_url":"https://d3mf3wgh9v41yo.cloudfront.net/status_c5_w_action12.png", "character_gender":"\uc5ec\uc790", "character_status_status":"action12", "character_id":15, "character_status_name":""},
 {"character_status_id":192, "character_status_url":"https://d3mf3wgh9v41yo.cloudfront.net/status_c5_w_action13.png", "character_gender":"\uc5ec\uc790", "character_status_status":"action13", "character_id":15, "character_status_name":""},
 {"character_status_id":193, "character_status_url":"https://d3mf3wgh9v41yo.cloudfront.net/status_c5_w_action14.png", "character_gender":"\uc5ec\uc790", "character_status_status":"action14", "character_id":15, "character_status_name":""},
 {"character_status_id":194, "character_status_url":"https://d3mf3wgh9v41yo.cloudfront.net/status_c5_w_action21.png", "character_gender":"\uc5ec\uc790", "character_status_status":"action21", "character_id":15, "character_status_name":""},
 {"character_status_id":195, "character_status_url":"https://d3mf3wgh9v41yo.cloudfront.net/status_c5_w_action22.png", "character_gender":"\uc5ec\uc790", "character_status_status":"action22", "character_id":15, "character_status_name":""},
 {"character_status_id":196, "character_status_url":"https://d3mf3wgh9v41yo.cloudfront.net/status_c5_w_action23.png", "character_gender":"\uc5ec\uc790", "character_status_status":"action23", "character_id":15, "character_status_name":""},
 {"character_status_id":197, "character_status_url":"https://d3mf3wgh9v41yo.cloudfront.net/status_c5_w_action24.png", "character_gender":"\uc5ec\uc790", "character_status_status":"action24", "character_id":15, "character_status_name":""}]