[{"music_id":8, "music_img_name":"alb_1.jpg", "music_img_url":"https://d3mf3wgh9v41yo.cloudfront.net/alb_1.jpg", "music_artist":"HONNE", "music_name":"music_11. HONNE-03-Day 1 \u25d1.mp3", "music_url":"https://d3mf3wgh9v41yo.cloudfront.net/music_11. HONNE-03-Day 1 \u25d1.mp3", "music_title":"Day 1"},
 {"music_id":9, "music_img_name":"alb_2.jpg", "music_img_url":"https://d3mf3wgh9v41yo.cloudfront.net/alb_2.jpg", "music_artist":"Jeremy Zucker", "music_name":"music_12. Jeremy Zucker-01-always, i'll care.mp3", "music_url":"https://d3mf3wgh9v41yo.cloudfront.net/music_12. Jeremy Zucker-01-always, i'll care.mp3", "music_title":"always, i'll care"},
 {"music_id":10, "music_img_name":"alb_3.jpg", "music_img_url":"https://d3mf3wgh9v41yo.cloudfront.net/alb_3.jpg", "music_artist":"Matt Terry", "music_name":"music_13. Matt Terry-01-Sucker for You.mp3", "music_url":"https://d3mf3wgh9v41yo.cloudfront.net/music_13. Matt Terry-01-Sucker for You.mp3", "music_title":"Sucker for You"},
 {"music_id":11, "music_img_name":"alb_4.jpg", "music_img_url":"https://d3mf3wgh9v41yo.cloudfront.net/alb_4.jpg", "music_artist":"\ub9c8\ud06c\ud23d, \uad6c\uc724\ud68c", "music_name":"music_21. \ub9c8\ud06c\ud23d (MAKTUB)-01-Marry Me.mp3", "music_url":"https://d3mf3wgh9v41yo.cloudfront.net/music_21. \ub9c8\ud06c\ud23d (MAKTUB)-01-Marry Me.mp3", "music_title":"Marry Me"},
 {"music_id":12, "music_img_name":"alb_5.jpg", "music_img_url":"https://d3mf3wgh9v41yo.cloudfront.net/alb_5.jpg", "music_artist":"\uc1a1\uc774\ud55c", "music_name":"music_22. \uc1a1\uc774\ud55c-01-\ubc1d\uac8c \ube5b\ub098\ub294 \ubcc4\uc774 \ub418\uc5b4 \ube44\ucdb0\uc904\uac8c.mp3", "music_url":"https://d3mf3wgh9v41yo.cloudfront.net/music_22. \uc1a1\uc774\ud55c-01-\ubc1d\uac8c \ube5b\ub098\ub294 \ubcc4\uc774 \ub418\uc5b4 \ube44\ucdb0\uc904\uac8c.mp3", "music_title":"\ubc1d\uac8c \ube5b\ub098\ub294 \ubcc4\uc774 \ub418\uc5b4 \ube44\ucdb0\uc904\uac8c "},
 {"music_id":13, "music_img_name":"alb_6.jpg", "music_img_url":"https://d3mf3wgh9v41yo.cloudfront.net/alb_6.jpg", "music_artist":"\ud55c\ub3d9\uadfc", "music_name":"music_23. \ud55c\ub3d9\uadfc-01-\uadf8\ub300\ub77c\ub294 \uc0ac\uce58.mp3", "music_url":"https://d3mf3wgh9v41yo.cloudfront.net/music_23. \ud55c\ub3d9\uadfc-01-\uadf8\ub300\ub77c\ub294 \uc0ac\uce58.mp3", "music_title":"\uadf8\ub300\ub77c\ub294 \uc0ac\uce58"},
 {"music_id":14, "music_img_name":"alb_7.jpg", "music_img_url":"https://d3mf3wgh9v41yo.cloudfront.net/alb_7.jpg", "music_artist":"\ub9c8\ud06c\ud23d", "music_name":"music_24. \ub9c8\ud06c\ud23d (MAKTUB)-01-\uc624\ub298\ub3c4 \ube5b\ub098\ub294 \ub108\uc5d0\uac8c (To You My Light) (Feat.\uc774\ub77c\uc628).mp3", "music_url":"https://d3mf3wgh9v41yo.cloudfront.net/music_24. \ub9c8\ud06c\ud23d (MAKTUB)-01-\uc624\ub298\ub3c4 \ube5b\ub098\ub294 \ub108\uc5d0\uac8c (To You My Light) (Feat.\uc774\ub77c\uc628).mp3", "music_title":"\uc624\ub298\ub3c4 \ube5b\ub098\ub294 \ub108\uc5d0\uac8c"},
 {"music_id":15, "music_img_name":"alb_8.jpg", "music_img_url":"https://d3mf3wgh9v41yo.cloudfront.net/alb_8.jpg", "music_artist":"\uba5c\ub85c\ub9dd\uc2a4", "music_name":"music_25. \uba5c\ub85c\ub9dd\uc2a4-01-\uc120\ubb3c.mp3", "music_url":"https://d3mf3wgh9v41yo.cloudfront.net/music_25. \uba5c\ub85c\ub9dd\uc2a4-01-\uc120\ubb3c.mp3", "music_title":"\uc120\ubb3c"},
 {"music_id":16, "music_img_name":"alb_9.jpg", "music_img_url":"https://d3mf3wgh9v41yo.cloudfront.net/alb_9.jpg", "music_artist":"\uae40\ub3d9\ub960", "music_name":"music_31. \uae40\ub3d9\ub960-01-\uac10\uc0ac.mp3", "music_url":"https://d3mf3wgh9v41yo.cloudfront.net/music_31. \uae40\ub3d9\ub960-01-\uac10\uc0ac.mp3", "music_title":"\uac10\uc0ac"},
 {"music_id":17, "music_img_name":"alb_10.jpg", "music_img_url":"https://d3mf3wgh9v41yo.cloudfront.net/alb_10.jpg", "music_artist":"\uc9c0\ucc9c\ube44\ud654", "music_name":"music_32. \uc9c0\ucc9c\ube44\ud654-01-\uacb0\ud63c\ud569\ub2c8\ub2e4 (Duet. \ud0dc\uc0ac\ube44\uc560).mp3", "music_url":"https://d3mf3wgh9v41yo.cloudfront.net/music_32. \uc9c0\ucc9c\ube44\ud654-01-\uacb0\ud63c\ud569\ub2c8\ub2e4 (Duet. \ud0dc\uc0ac\ube44\uc560).mp3", "music_title":"\uacb0\ud63c\ud569\ub2c8\ub2e4 "},
 {"music_id":18, "music_img_name":"alb_11.jpg", "music_img_url":"https://d3mf3wgh9v41yo.cloudfront.net/alb_11.jpg", "music_artist":"\uc2a4\ud0e0\ub529 \uc5d0\uadf8 ", "music_name":"music_33. \uc2a4\ud0e0\ub529 \uc5d0\uadf8-05-Little Star.mp3", "music_url":"https://d3mf3wgh9v41yo.cloudfront.net/music_33. \uc2a4\ud0e0\ub529 \uc5d0\uadf8-05-Little Star.mp3", "music_title":"Little Star"},
 {"music_id":19, "music_img_name":"alb_12.jpg", "music_img_url":"https://d3mf3wgh9v41yo.cloudfront.net/alb_12.jpg", "music_artist":"Bruno Mars", "music_name":"music_34. Bruno Mars-06-Marry You.mp3", "music_url":"https://d3mf3wgh9v41yo.cloudfront.net/music_34. Bruno Mars-06-Marry You.mp3", "music_title":"Marry You"},
 {"music_id":20, "music_img_name":"alb_13.jpg", "music_img_url":"https://d3mf3wgh9v41yo.cloudfront.net/alb_13.jpg", "music_artist":"\uc548\ud76c\uc218", "music_name":"music_41. \uc548\ud76c\uc218-02-\ub108\uc758 \uc138\uacc4.mp3", "music_url":"https://d3mf3wgh9v41yo.cloudfront.net/music_41. \uc548\ud76c\uc218-02-\ub108\uc758 \uc138\uacc4.mp3", "music_title":"\ub108\uc758 \uc138\uacc4"},
 {"music_id":21, "music_img_name":"alb_14.jpg", "music_img_url":"https://d3mf3wgh9v41yo.cloudfront.net/alb_14.jpg", "music_artist":"\uc2dc\ud669", "music_name":"music_42. \uc2dc\ud669-01-\ucd95\uac00.mp3", "music_url":"https://d3mf3wgh9v41yo.cloudfront.net/music_42. \uc2dc\ud669-01-\ucd95\uac00.mp3", "music_title":"\ucd95\uac00"},
 {"music_id":22, "music_img_name":"alb_15.jpg", "music_img_url":"https://d3mf3wgh9v41yo.cloudfront.net/alb_15.jpg", "music_artist":"\uc5b4\ubc18\uc790\uce74\ud30c", "music_name":"music_43. \uc5b4\ubc18\uc790\uce74\ud30c-01-Beautiful Day.mp3", "music_url":"https://d3mf3wgh9v41yo.cloudfront.net/music_43. \uc5b4\ubc18\uc790\uce74\ud30c-01-Beautiful Day.mp3", "music_title":"Beautiful Day"},
 {"music_id":23, "music_img_name":"alb_16.jpg", "music_img_url":"https://d3mf3wgh9v41yo.cloudfront.net/alb_16.jpg", "music_artist":"\ubca0\ub108\ube44", "music_name":"music_44. \ubca0\ub108\ube44 (Venoby)-01-\ud551\ud06c\ube5b \ub108\ub791 (Feat. \ud55c\uc0b4\ucc28\uc774).mp3", "music_url":"https://d3mf3wgh9v41yo.cloudfront.net/music_44. \ubca0\ub108\ube44 (Venoby)-01-\ud551\ud06c\ube5b \ub108\ub791 (Feat. \ud55c\uc0b4\ucc28\uc774).mp3", "music_title":"\ud551\ud06c\ube5b \ub108\ub791 (Feat. \ud55c\uc0b4\ucc28\uc774)"},
 {"music_id":24, "music_img_name":"alb_17.jpg", "music_img_url":"https://d3mf3wgh9v41yo.cloudfront.net/alb_17.jpg", "music_artist":"\uba5c\ub85c\ub9dd\uc2a4", "music_name":"music_45. \uba5c\ub85c\ub9dd\uc2a4-02-\uc785\ub9de\ucda4.mp3", "music_url":"https://d3mf3wgh9v41yo.cloudfront.net/music_45. \uba5c\ub85c\ub9dd\uc2a4-02-\uc785\ub9de\ucda4.mp3", "music_title":"\uc785\ub9de\ucda4"},
 {"music_id":25, "music_img_name":"alb_18.jpg", "music_img_url":"https://d3mf3wgh9v41yo.cloudfront.net/alb_18.jpg", "music_artist":"\uc591\uc694\uc12d", "music_name":"music_46. \uc591\uc694\uc12d-01-\ud55c \ubc88\uc5d0 \uc54c\uc544\ubcf8 \uc0ac\ub791 (\ubc14\ub978\uc5f0\uc560 \uae38\uc7a1\uc774 X \uc591\uc694\uc12d).mp3", "music_url":"https://d3mf3wgh9v41yo.cloudfront.net/music_46. \uc591\uc694\uc12d-01-\ud55c \ubc88\uc5d0 \uc54c\uc544\ubcf8 \uc0ac\ub791 (\ubc14\ub978\uc5f0\uc560 \uae38\uc7a1\uc774 X \uc591\uc694\uc12d).mp3", "music_title":"\ud55c \ubc88\uc5d0 \uc54c\uc544\ubcf8 \uc0ac\ub791"},
 {"music_id":26, "music_img_name":"alb_19.jpg", "music_img_url":"https://d3mf3wgh9v41yo.cloudfront.net/alb_19.jpg", "music_artist":"\uc870\uc815\uc11d", "music_name":"music_47. \uc870\uc815\uc11d-01-\uc544\ub85c\ud558.mp3", "music_url":"https://d3mf3wgh9v41yo.cloudfront.net/music_47. \uc870\uc815\uc11d-01-\uc544\ub85c\ud558.mp3", "music_title":"\uc544\ub85c\ud558"},
 {"music_id":27, "music_img_name":"alb_20.jpg", "music_img_url":"https://d3mf3wgh9v41yo.cloudfront.net/alb_20.jpg", "music_artist":"\uae40\ud544", "music_name":"music_48. \uae40\ud544-01-Marry Me.mp3", "music_url":"https://d3mf3wgh9v41yo.cloudfront.net/music_48. \uae40\ud544-01-Marry Me.mp3", "music_title":"Marry Me "},
 {"music_id":28, "music_img_name":"alb_21.jpg", "music_img_url":"https://d3mf3wgh9v41yo.cloudfront.net/alb_21.jpg", "music_artist":"\uae40\ubc94\uc218", "music_name":"music_49. \uae40\ubc94\uc218-01-\uc0ac\ub791\uc758 \uc2dc\uc791\uc740 \uace0\ubc31\uc5d0\uc11c\ubd80\ud130.mp3", "music_url":"https://d3mf3wgh9v41yo.cloudfront.net/music_49. \uae40\ubc94\uc218-01-\uc0ac\ub791\uc758 \uc2dc\uc791\uc740 \uace0\ubc31\uc5d0\uc11c\ubd80\ud130.mp3", "music_title":"\uc0ac\ub791\uc758 \uc2dc\uc791\uc740 \uace0\ubc31\uc5d0\uc11c\ubd80\ud130"},
 {"music_id":29, "music_img_name":"alb_22.jpg", "music_img_url":"https://d3mf3wgh9v41yo.cloudfront.net/alb_22.jpg", "music_artist":"\ucc38\uae68\uc640\uc19c\uc0ac\ud0d5 ", "music_name":"music_50. \ucc38\uc19c (Chamsom)-01-closer.mp3", "music_url":"https://d3mf3wgh9v41yo.cloudfront.net/music_50. \ucc38\uc19c (Chamsom)-01-closer.mp3", "music_title":"closer"},
 {"music_id":30, "music_img_name":"alb_40.png", "music_img_url":"https://d3mf3wgh9v41yo.cloudfront.net/alb_40.png", "music_artist":"DAYZ MUSIQ", "music_name":"music_101. Evening(82) master.mp3", "music_url":"https://d3mf3wgh9v41yo.cloudfront.net/music_101. Evening(82) master.mp3", "music_title":"EVENING"},
 {"music_id":31, "music_img_name":"alb_41.png", "music_img_url":"https://d3mf3wgh9v41yo.cloudfront.net/alb_41.png", "music_artist":"Danmoo", "music_name":"music_102. danmoo - dreaming days.mp3", "music_url":"https://d3mf3wgh9v41yo.cloudfront.net/music_102. danmoo - dreaming days.mp3", "music_title":"dreaming days"},
 {"music_id":32, "music_img_name":"alb_42.png", "music_img_url":"https://d3mf3wgh9v41yo.cloudfront.net/alb_42.png", "music_artist":"DAYZ MUSIQ", "music_name":"music_103. old days(BPM114)_master (online-audio-converter.com).mp3", "music_url":"https://d3mf3wgh9v41yo.cloudfront.net/music_103. old days(BPM114)_master (online-audio-converter.com).mp3", "music_title":"OLD DAYS"},
 {"music_id":33, "music_img_name":"alb_43.png", "music_img_url":"https://d3mf3wgh9v41yo.cloudfront.net/alb_43.png", "music_artist":"Danmoo", "music_name":"music_104. danmoo - Hope you're happy.mp3", "music_url":"https://d3mf3wgh9v41yo.cloudfront.net/music_104. danmoo - Hope you're happy.mp3", "music_title":"hope you're happy"},
 {"music_id":34, "music_img_name":"alb_44.png", "music_img_url":"https://d3mf3wgh9v41yo.cloudfront.net/alb_44.png", "music_artist":"DAYZ MUSIQ", "music_name":"music_105. cold and warm(BPM80)_master1.mp3", "music_url":"https://d3mf3wgh9v41yo.cloudfront.net/music_105. cold and warm(BPM80)_master1.mp3", "music_title":"COLD AND WARM"},
 {"music_id":35, "music_img_name":"alb_45.png", "music_img_url":"https://d3mf3wgh9v41yo.cloudfront.net/alb_45.png", "music_artist":"Prod. Dr.SonSet", "music_name":"music_106. Prod. Dr.SonSet - Sunrise Of Hope.mp3", "music_url":"https://d3mf3wgh9v41yo.cloudfront.net/music_106. Prod. Dr.SonSet - Sunrise Of Hope.mp3", "music_title":"Sunrise Of Hope"},
 {"music_id":36, "music_img_name":"alb_46.png", "music_img_url":"https://d3mf3wgh9v41yo.cloudfront.net/alb_46.png", "music_artist":"JIMINELL", "music_name":"music_107. [Free Music]Jiminell_City pop (Original mix).mp3", "music_url":"https://d3mf3wgh9v41yo.cloudfront.net/music_107. [Free Music]Jiminell_City pop (Original mix).mp3", "music_title":"CITY POP"},
 {"music_id":37, "music_img_name":"alb_47.png", "music_img_url":"https://d3mf3wgh9v41yo.cloudfront.net/alb_47.png", "music_artist":"Sad Puppy", "music_name":"music_121. Thinking Of You.mp3", "music_url":"https://d3mf3wgh9v41yo.cloudfront.net/music_121. Thinking Of You.mp3", "music_title":"Thinking Of You"},
 {"music_id":38, "music_img_name":"alb_48.png", "music_img_url":"https://d3mf3wgh9v41yo.cloudfront.net/alb_48.png", "music_artist":"RYYZN", "music_name":"music_122. RYYZN - Out in the City.mp3", "music_url":"https://d3mf3wgh9v41yo.cloudfront.net/music_122. RYYZN - Out in the City.mp3", "music_title":"Out in the City"}]