[{"spot_id":89, "spot_img_url":"https://d3mf3wgh9v41yo.cloudfront.net/spot_1-1.png", "spot_img_name":"spot_1-1.png"},
 {"spot_id":90, "spot_img_url":"https://d3mf3wgh9v41yo.cloudfront.net/spot_2-1.png", "spot_img_name":"spot_2-1.png"},
 {"spot_id":91, "spot_img_url":"https://d3mf3wgh9v41yo.cloudfront.net/spot_3-1.png", "spot_img_name":"spot_3-1.png"},
 {"spot_id":92, "spot_img_url":"https://d3mf3wgh9v41yo.cloudfront.net/spot_4-1.png", "spot_img_name":"spot_4-1.png"},
 {"spot_id":93, "spot_img_url":"https://d3mf3wgh9v41yo.cloudfront.net/spot_4-2.png", "spot_img_name":"spot_4-2.png"},
 {"spot_id":94, "spot_img_url":"https://d3mf3wgh9v41yo.cloudfront.net/spot_5-1.png", "spot_img_name":"spot_5-1.png"},
 {"spot_id":95, "spot_img_url":"https://d3mf3wgh9v41yo.cloudfront.net/spot_5-2.png", "spot_img_name":"spot_5-2.png"},
 {"spot_id":96, "spot_img_url":"https://d3mf3wgh9v41yo.cloudfront.net/spot_6-1.png", "spot_img_name":"spot_6-1.png"},
 {"spot_id":97, "spot_img_url":"https://d3mf3wgh9v41yo.cloudfront.net/spot_6-2.png", "spot_img_name":"spot_6-2.png"},
 {"spot_id":98, "spot_img_url":"https://d3mf3wgh9v41yo.cloudfront.net/spot_7-1.png", "spot_img_name":"spot_7-1.png"},
 {"spot_id":99, "spot_img_url":"https://d3mf3wgh9v41yo.cloudfront.net/spot_8-1.png", "spot_img_name":"spot_8-1.png"},
 {"spot_id":100, "spot_img_url":"https://d3mf3wgh9v41yo.cloudfront.net/spot_8-2.png", "spot_img_name":"spot_8-2.png"},
 {"spot_id":101, "spot_img_url":"https://d3mf3wgh9v41yo.cloudfront.net/spot_8-3.png", "spot_img_name":"spot_8-3.png"},
 {"spot_id":102, "spot_img_url":"https://d3mf3wgh9v41yo.cloudfront.net/spot_8-4.png", "spot_img_name":"spot_8-4.png"},
 {"spot_id":103, "spot_img_url":"https://d3mf3wgh9v41yo.cloudfront.net/spot_8-5.png", "spot_img_name":"spot_8-5.png"},
 {"spot_id":104, "spot_img_url":"https://d3mf3wgh9v41yo.cloudfront.net/spot_8-6.png", "spot_img_name":"spot_8-6.png"},
 {"spot_id":105, "spot_img_url":"https://d3mf3wgh9v41yo.cloudfront.net/spot_8-7.png", "spot_img_name":"spot_8-7.png"},
 {"spot_id":106, "spot_img_url":"https://d3mf3wgh9v41yo.cloudfront.net/spot_8-8.png", "spot_img_name":"spot_8-8.png"},
 {"spot_id":107, "spot_img_url":"https://d3mf3wgh9v41yo.cloudfront.net/spot_9-1.png", "spot_img_name":"spot_9-1.png"},
 {"spot_id":108, "spot_img_url":"https://d3mf3wgh9v41yo.cloudfront.net/spot_9-2.png", "spot_img_name":"spot_9-2.png"},
 {"spot_id":109, "spot_img_url":"https://d3mf3wgh9v41yo.cloudfront.net/spot_10-1.png", "spot_img_name":"spot_10-1.png"},
 {"spot_id":110, "spot_img_url":"https://d3mf3wgh9v41yo.cloudfront.net/spot_10-2.png", "spot_img_name":"spot_10-2.png"},
 {"spot_id":111, "spot_img_url":"https://d3mf3wgh9v41yo.cloudfront.net/spot_10-3.png", "spot_img_name":"spot_10-3.png"},
 {"spot_id":112, "spot_img_url":"https://d3mf3wgh9v41yo.cloudfront.net/spot_10-4.png", "spot_img_name":"spot_10-4.png"},
 {"spot_id":113, "spot_img_url":"https://d3mf3wgh9v41yo.cloudfront.net/spot_11-1.png", "spot_img_name":"spot_11-1.png"},
 {"spot_id":114, "spot_img_url":"https://d3mf3wgh9v41yo.cloudfront.net/spot_11-2.png", "spot_img_name":"spot_11-2.png"},
 {"spot_id":115, "spot_img_url":"https://d3mf3wgh9v41yo.cloudfront.net/spot_11-3.png", "spot_img_name":"spot_11-3.png"},
 {"spot_id":116, "spot_img_url":"https://d3mf3wgh9v41yo.cloudfront.net/spot_12-1.png", "spot_img_name":"spot_12-1.png"},
 {"spot_id":117, "spot_img_url":"https://d3mf3wgh9v41yo.cloudfront.net/spot_12-2.png", "spot_img_name":"spot_12-2.png"},
 {"spot_id":118, "spot_img_url":"https://d3mf3wgh9v41yo.cloudfront.net/spot_13-1.png", "spot_img_name":"spot_13-1.png"},
 {"spot_id":119, "spot_img_url":"https://d3mf3wgh9v41yo.cloudfront.net/spot_13-2.png", "spot_img_name":"spot_13-2.png"},
 {"spot_id":120, "spot_img_url":"https://d3mf3wgh9v41yo.cloudfront.net/spot_13-3.png", "spot_img_name":"spot_13-3.png"},
 {"spot_id":121, "spot_img_url":"https://d3mf3wgh9v41yo.cloudfront.net/spot_13-4.png", "spot_img_name":"spot_13-4.png"},
 {"spot_id":122, "spot_img_url":"https://d3mf3wgh9v41yo.cloudfront.net/spot_13-5.png", "spot_img_name":"spot_13-5.png"},
 {"spot_id":123, "spot_img_url":"https://d3mf3wgh9v41yo.cloudfront.net/spot_13-6.png", "spot_img_name":"spot_13-6.png"},
 {"spot_id":124, "spot_img_url":"https://d3mf3wgh9v41yo.cloudfront.net/spot_13-7.png", "spot_img_name":"spot_13-7.png"},
 {"spot_id":125, "spot_img_url":"https://d3mf3wgh9v41yo.cloudfront.net/spot_14-1.png", "spot_img_name":"spot_14-1.png"},
 {"spot_id":126, "spot_img_url":"https://d3mf3wgh9v41yo.cloudfront.net/spot_14-2.png", "spot_img_name":"spot_14-2.png"},
 {"spot_id":127, "spot_img_url":"https://d3mf3wgh9v41yo.cloudfront.net/spot_14-3.png", "spot_img_name":"spot_14-3.png"},
 {"spot_id":128, "spot_img_url":"https://d3mf3wgh9v41yo.cloudfront.net/spot_14-4.png", "spot_img_name":"spot_14-4.png"},
 {"spot_id":129, "spot_img_url":"https://d3mf3wgh9v41yo.cloudfront.net/spot_15-1.png", "spot_img_name":"spot_15-1.png"},
 {"spot_id":130, "spot_img_url":"https://d3mf3wgh9v41yo.cloudfront.net/spot_15-2.png", "spot_img_name":"spot_15-2.png"},
 {"spot_id":131, "spot_img_url":"https://d3mf3wgh9v41yo.cloudfront.net/spot_15-3.png", "spot_img_name":"spot_15-3.png"},
 {"spot_id":132, "spot_img_url":"https://d3mf3wgh9v41yo.cloudfront.net/spot_16-1.png", "spot_img_name":"spot_16-1.png"},
 {"spot_id":133, "spot_img_url":"https://d3mf3wgh9v41yo.cloudfront.net/spot_16-2.png", "spot_img_name":"spot_16-2.png"},
 {"spot_id":134, "spot_img_url":"https://d3mf3wgh9v41yo.cloudfront.net/spot_16-3.png", "spot_img_name":"spot_16-3.png"},
 {"spot_id":135, "spot_img_url":"https://d3mf3wgh9v41yo.cloudfront.net/spot_16-4.png", "spot_img_name":"spot_16-4.png"},
 {"spot_id":136, "spot_img_url":"https://d3mf3wgh9v41yo.cloudfront.net/spot_17-1.png", "spot_img_name":"spot_17-1.png"},
 {"spot_id":137, "spot_img_url":"https://d3mf3wgh9v41yo.cloudfront.net/spot_17-2.png", "spot_img_name":"spot_17-2.png"},
 {"spot_id":138, "spot_img_url":"https://d3mf3wgh9v41yo.cloudfront.net/spot_18-1.png", "spot_img_name":"spot_18-1.png"},
 {"spot_id":139, "spot_img_url":"https://d3mf3wgh9v41yo.cloudfront.net/spot_18-2.png", "spot_img_name":"spot_18-2.png"},
 {"spot_id":140, "spot_img_url":"https://d3mf3wgh9v41yo.cloudfront.net/spot_18-3.png", "spot_img_name":"spot_18-3.png"},
 {"spot_id":141, "spot_img_url":"https://d3mf3wgh9v41yo.cloudfront.net/spot_18-4.png", "spot_img_name":"spot_18-4.png"},
 {"spot_id":142, "spot_img_url":"https://d3mf3wgh9v41yo.cloudfront.net/spot_19-1.png", "spot_img_name":"spot_19-1.png"},
 {"spot_id":143, "spot_img_url":"https://d3mf3wgh9v41yo.cloudfront.net/spot_19-2.png", "spot_img_name":"spot_19-2.png"},
 {"spot_id":144, "spot_img_url":"https://d3mf3wgh9v41yo.cloudfront.net/spot_19-3.png", "spot_img_name":"spot_19-3.png"},
 {"spot_id":145, "spot_img_url":"https://d3mf3wgh9v41yo.cloudfront.net/spot_20-1.png", "spot_img_name":"spot_20-1.png"},
 {"spot_id":146, "spot_img_url":"https://d3mf3wgh9v41yo.cloudfront.net/spot_20-2.png", "spot_img_name":"spot_20-2.png"},
 {"spot_id":147, "spot_img_url":"https://d3mf3wgh9v41yo.cloudfront.net/spot_21-1.png", "spot_img_name":"spot_21-1.png"},
 {"spot_id":148, "spot_img_url":"https://d3mf3wgh9v41yo.cloudfront.net/spot_21-2.png", "spot_img_name":"spot_21-2.png"},
 {"spot_id":149, "spot_img_url":"https://d3mf3wgh9v41yo.cloudfront.net/spot_21-3.png", "spot_img_name":"spot_21-3.png"},
 {"spot_id":150, "spot_img_url":"https://d3mf3wgh9v41yo.cloudfront.net/spot_22-1.png", "spot_img_name":"spot_22-1.png"},
 {"spot_id":151, "spot_img_url":"https://d3mf3wgh9v41yo.cloudfront.net/spot_22-2.png", "spot_img_name":"spot_22-2.png"},
 {"spot_id":152, "spot_img_url":"https://d3mf3wgh9v41yo.cloudfront.net/spot_22-3.png", "spot_img_name":"spot_22-3.png"},
 {"spot_id":153, "spot_img_url":"https://d3mf3wgh9v41yo.cloudfront.net/spot_22-4.png", "spot_img_name":"spot_22-4.png"},
 {"spot_id":154, "spot_img_url":"https://d3mf3wgh9v41yo.cloudfront.net/spot_22-5.png", "spot_img_name":"spot_22-5.png"},
 {"spot_id":155, "spot_img_url":"https://d3mf3wgh9v41yo.cloudfront.net/spot_23-1.png", "spot_img_name":"spot_23-1.png"},
 {"spot_id":156, "spot_img_url":"https://d3mf3wgh9v41yo.cloudfront.net/spot_23-2.png", "spot_img_name":"spot_23-2.png"},
 {"spot_id":157, "spot_img_url":"https://d3mf3wgh9v41yo.cloudfront.net/spot_23-3.png", "spot_img_name":"spot_23-3.png"},
 {"spot_id":158, "spot_img_url":"https://d3mf3wgh9v41yo.cloudfront.net/spot_23-4.png", "spot_img_name":"spot_23-4.png"},
 {"spot_id":159, "spot_img_url":"https://d3mf3wgh9v41yo.cloudfront.net/spot_23-5.png", "spot_img_name":"spot_23-5.png"},
 {"spot_id":160, "spot_img_url":"https://d3mf3wgh9v41yo.cloudfront.net/spot_23-6.png", "spot_img_name":"spot_23-6.png"},
 {"spot_id":161, "spot_img_url":"https://d3mf3wgh9v41yo.cloudfront.net/spot_23-7.png", "spot_img_name":"spot_23-7.png"},
 {"spot_id":162, "spot_img_url":"https://d3mf3wgh9v41yo.cloudfront.net/spot_23-8.png", "spot_img_name":"spot_23-8.png"},
 {"spot_id":163, "spot_img_url":"https://d3mf3wgh9v41yo.cloudfront.net/spot_23-9.png", "spot_img_name":"spot_23-9.png"},
 {"spot_id":164, "spot_img_url":"https://d3mf3wgh9v41yo.cloudfront.net/spot_24-1.png", "spot_img_name":"spot_24-1.png"},
 {"spot_id":165, "spot_img_url":"https://d3mf3wgh9v41yo.cloudfront.net/spot_24-2.png", "spot_img_name":"spot_24-2.png"},
 {"spot_id":166, "spot_img_url":"https://d3mf3wgh9v41yo.cloudfront.net/spot_24-3.png", "spot_img_name":"spot_24-3.png"},
 {"spot_id":167, "spot_img_url":"https://d3mf3wgh9v41yo.cloudfront.net/spot_25-1.png", "spot_img_name":"spot_25-1.png"},
 {"spot_id":168, "spot_img_url":"https://d3mf3wgh9v41yo.cloudfront.net/spot_25-2.png", "spot_img_name":"spot_25-2.png"},
 {"spot_id":169, "spot_img_url":"https://d3mf3wgh9v41yo.cloudfront.net/spot_25-3.png", "spot_img_name":"spot_25-3.png"},
 {"spot_id":170, "spot_img_url":"https://d3mf3wgh9v41yo.cloudfront.net/spot_25-4.png", "spot_img_name":"spot_25-4.png"},
 {"spot_id":171, "spot_img_url":"https://d3mf3wgh9v41yo.cloudfront.net/spot_25-5.png", "spot_img_name":"spot_25-5.png"},
 {"spot_id":172, "spot_img_url":"https://d3mf3wgh9v41yo.cloudfront.net/spot_25-6.png", "spot_img_name":"spot_25-6.png"},
 {"spot_id":173, "spot_img_url":"https://d3mf3wgh9v41yo.cloudfront.net/spot_25-7.png", "spot_img_name":"spot_25-7.png"},
 {"spot_id":174, "spot_img_url":"https://d3mf3wgh9v41yo.cloudfront.net/spot_25-8.png", "spot_img_name":"spot_25-8.png"},
 {"spot_id":175, "spot_img_url":"https://d3mf3wgh9v41yo.cloudfront.net/spot_25-9.png", "spot_img_name":"spot_25-9.png"},
 {"spot_id":176, "spot_img_url":"https://d3mf3wgh9v41yo.cloudfront.net/spot_25-10.png", "spot_img_name":"spot_25-10.png"}]