[{"story_comment_id":84, "story_comment_index":2, "story_comment_value":"\uc548\ub155", "story_id":62},
 {"story_comment_id":85, "story_comment_index":2, "story_comment_value":"5959595959", "story_id":63},
 {"story_comment_id":86, "story_comment_index":4, "story_comment_value":"9595959595???\ub098 95\ub144\uc0dd", "story_id":63},
 {"story_comment_id":87, "story_comment_index":1, "story_comment_value":"\uc624\uad6cWOrld", "story_id":64},
 {"story_comment_id":88, "story_comment_index":1, "story_comment_value":"\uac1c\n\uadc0\n\ucc2e\n\uac8c\n\ud558\ub124\n\n\uc9c4\n\uc9dc", "story_id":65},
 {"story_comment_id":90, "story_comment_index":1, "story_comment_value":"\u3147\u3147", "story_id":66},
 {"story_comment_id":132, "story_comment_index":2, "story_comment_value":"\uc800\ud76c\uc758 \uccab \ub9cc\ub0a8\uc740 \ub300\ud559\uad50\uc600\uc5b4\uc694 .\u314e\u314e;", "story_id":98},
 {"story_comment_id":138, "story_comment_index":2, "story_comment_value":"\n\uc548\ub155\ud558\uc138\uc694", "story_id":103},
 {"story_comment_id":139, "story_comment_index":1, "story_comment_value":"", "story_id":104},
 {"story_comment_id":140, "story_comment_index":1, "story_comment_value":"", "story_id":105},
 {"story_comment_id":141, "story_comment_index":1, "story_comment_value":"\u3134\u3141\u3147\u313b\u3134", "story_id":106},
 {"story_comment_id":142, "story_comment_index":2, "story_comment_value":"", "story_id":107},
 {"story_comment_id":143, "story_comment_index":4, "story_comment_value":"", "story_id":107},
 {"story_comment_id":160, "story_comment_index":2, "story_comment_value":"\uc548\ub155\ud558\uc138\uc694\n\uc6b0\uc96c\uba54\ub9ac\ubbf8 \ud300\uc6d0\n\ubc15\uc9c0\uc601 \uc785\ub2c8\ub2e4.", "story_id":92},
 {"story_comment_id":161, "story_comment_index":4, "story_comment_value":"\uc800\ud76c \ud300\uc740\n\ucd1d 5\uba85\uc758 \ud300\uc6d0\uc73c\ub85c\n\uad6c\uc131\ub418\uc5b4 \uc788\uc2b5\ub2c8\ub2e4.", "story_id":92},
 {"story_comment_id":162, "story_comment_index":2, "story_comment_value":"\ud300\uc7a5 \uc218\ubbfc\nCTO \uc9c0\uc601\n\ud480\uc2a4\ud0dd \ucca0\n\ubc30\uc6b0 \ud601\n\ub514\uc790\uc774\ub108 \uc900", "story_id":93},
 {"story_comment_id":164, "story_comment_index":1, "story_comment_value":"A\nL\nL\n\nF\nO\nR\n\nY\nO\nU", "story_id":94},
 {"story_comment_id":165, "story_comment_index":1, "story_comment_value":"wouldU\nmarry\nME ?", "story_id":95},
 {"story_comment_id":166, "story_comment_index":1, "story_comment_value":"\ube44\ud63c\uc8fc\uc758 \ud300\uc6d0\ub4e4 \ub9c8\uc9c0\ub9c9 \ud50c\uc81d \ub2e4\ub4e4 \uc5f4\uc2ec\ud788 \ud574\uc918\uc11c \uace0\ub9d9\uace0 \ub4a4\uc5d0\uc11c  \uc368\ud3ec\ud2b8 \ud574\uc900 \uce5c\uad6c\ub4e4 \uac10\uc0ac\ud569\ub2c8\ub2e4 :)", "story_id":96},
 {"story_comment_id":174, "story_comment_index":1, "story_comment_value":"\uc7ac\ud601\ube05\uc2e0", "story_id":120},
 {"story_comment_id":175, "story_comment_index":2, "story_comment_value":"\uc228 \u314e\u3147\u314e\u3147", "story_id":121},
 {"story_comment_id":176, "story_comment_index":2, "story_comment_value":"\u3147\u3147\u3147\u3147", "story_id":122},
 {"story_comment_id":177, "story_comment_index":2, "story_comment_value":"\u3147\u3147\u3147\u3147\u3147", "story_id":123},
 {"story_comment_id":181, "story_comment_index":1, "story_comment_value":"A\nL\nL\n\nF\nO\nR\n\nY\nO\nU", "story_id":116},
 {"story_comment_id":182, "story_comment_index":1, "story_comment_value":"\u314e\u314e", "story_id":117},
 {"story_comment_id":183, "story_comment_index":1, "story_comment_value":"\u314e\u314e", "story_id":118},
 {"story_comment_id":184, "story_comment_index":2, "story_comment_value":"\uc548\ub155", "story_id":124},
 {"story_comment_id":185, "story_comment_index":2, "story_comment_value":"\uc548\ub155", "story_id":125},
 {"story_comment_id":186, "story_comment_index":2, "story_comment_value":"\uc548\ub155", "story_id":126},
 {"story_comment_id":187, "story_comment_index":2, "story_comment_value":"\uc548\ub155", "story_id":127},
 {"story_comment_id":188, "story_comment_index":2, "story_comment_value":"\uc548\ub155", "story_id":128},
 {"story_comment_id":194, "story_comment_index":1, "story_comment_value":"\uc81c\uac00 \ud588\uc5b4\uc694 \ud504\ub85c\ud3ec\uc988", "story_id":99},
 {"story_comment_id":196, "story_comment_index":1, "story_comment_value":"", "story_id":100},
 {"story_comment_id":200, "story_comment_index":2, "story_comment_value":"", "story_id":101},
 {"story_comment_id":201, "story_comment_index":4, "story_comment_value":"", "story_id":101},
 {"story_comment_id":206, "story_comment_index":2, "story_comment_value":"\n\ud504\ub85c\ud3ec\uc988\ub97c \ud588\ub294\ub370 \n\ub2f5\uac00 \ud504\ub85c\ud3ec\uc988\ub97c \ubc1b\uc558\ub124\uc694\n\uc774\ub7f0 \uc0ac\ub791\ub465\uc774\uac00 \uc81c \uc544\ub0b4\uac00 \ub420 \uaebc\ub77c\ub2c8\n\uc800\ub294 \uc138\uc0c1\uc744 \ub2e4 \uac00\uc84c\uc5b4\uc694\u2764", "story_id":102},
 {"story_comment_id":208, "story_comment_index":2, "story_comment_value":"\uc57c\uc2ec\ud55c \ubc24 \ub4dc\ub77c\uc774\ube0c\ub97c \ud558\uc600\uc5b4\uc694!!", "story_id":134},
 {"story_comment_id":209, "story_comment_index":2, "story_comment_value":"", "story_id":136},
 {"story_comment_id":210, "story_comment_index":4, "story_comment_value":"", "story_id":136},
 {"story_comment_id":211, "story_comment_index":1, "story_comment_value":"", "story_id":137},
 {"story_comment_id":212, "story_comment_index":1, "story_comment_value":"", "story_id":138},
 {"story_comment_id":213, "story_comment_index":2, "story_comment_value":"", "story_id":139},
 {"story_comment_id":214, "story_comment_index":4, "story_comment_value":"", "story_id":139},
 {"story_comment_id":247, "story_comment_index":2, "story_comment_value":"\uc800\ud76c\uc758 \uccab\ub9cc\ub0a8\uc740 \uacf5\uc6d0\uc774\uc600\uc5b4\uc694 \n\uc544\uc9c1\ub3c4 \ubabb\uc78a\uc8e0...", "story_id":119},
 {"story_comment_id":254, "story_comment_index":2, "story_comment_value":"\u314b\u314b\u314b\u314b\u314b\u314b\u314b\u314b\n\uacb0\ud63c\ud558\ub294 \uac74 \uc544\ub2d8\n", "story_id":114},
 {"story_comment_id":255, "story_comment_index":4, "story_comment_value":"\ub0b4\uac00 \ub9cc\ub4ec \u314e\u314e\u314e\u314e\u314e\u314e\u314e\u314e\u314e\n\u314e\u314e\u314e\u314e\u314e\u314e\u314e\u314e\u314e\u314e", "story_id":114},
 {"story_comment_id":256, "story_comment_index":2, "story_comment_value":"\u314b\u314b\u314b\u314b\u314b\u314b\u314b\u314b\u314b\u314b\u314b\u314b\u314b\u314b\u314b\n\uba4b\uc9c0\uc9c0", "story_id":115},
 {"story_comment_id":257, "story_comment_index":1, "story_comment_value":"", "story_id":172},
 {"story_comment_id":258, "story_comment_index":1, "story_comment_value":"", "story_id":173},
 {"story_comment_id":259, "story_comment_index":2, "story_comment_value":"", "story_id":174},
 {"story_comment_id":260, "story_comment_index":2, "story_comment_value":"", "story_id":175},
 {"story_comment_id":261, "story_comment_index":4, "story_comment_value":"", "story_id":175},
 {"story_comment_id":262, "story_comment_index":2, "story_comment_value":"", "story_id":176},
 {"story_comment_id":263, "story_comment_index":4, "story_comment_value":"", "story_id":176}]