[{"story_id":62, "story_index":1, "spot_id":92, "storyboard_id":52, "story_template":2},
 {"story_id":63, "story_index":2, "spot_id":89, "storyboard_id":52, "story_template":1},
 {"story_id":64, "story_index":3, "spot_id":98, "storyboard_id":52, "story_template":4},
 {"story_id":65, "story_index":4, "spot_id":115, "storyboard_id":52, "story_template":3},
 {"story_id":66, "story_index":5, "spot_id":89, "storyboard_id":52, "story_template":4},
 {"story_id":92, "story_index":1, "spot_id":93, "storyboard_id":77, "story_template":1},
 {"story_id":93, "story_index":2, "spot_id":94, "storyboard_id":77, "story_template":2},
 {"story_id":94, "story_index":3, "spot_id":102, "storyboard_id":77, "story_template":3},
 {"story_id":95, "story_index":4, "spot_id":135, "storyboard_id":77, "story_template":4},
 {"story_id":96, "story_index":5, "spot_id":139, "storyboard_id":77, "story_template":5},
 {"story_id":98, "story_index":1, "spot_id":153, "storyboard_id":86, "story_template":2},
 {"story_id":99, "story_index":2, "spot_id":91, "storyboard_id":86, "story_template":4},
 {"story_id":100, "story_index":3, "spot_id":91, "storyboard_id":86, "story_template":4},
 {"story_id":101, "story_index":4, "spot_id":92, "storyboard_id":86, "story_template":1},
 {"story_id":102, "story_index":5, "spot_id":91, "storyboard_id":86, "story_template":2},
 {"story_id":103, "story_index":1, "spot_id":92, "storyboard_id":87, "story_template":2},
 {"story_id":104, "story_index":2, "spot_id":90, "storyboard_id":87, "story_template":5},
 {"story_id":105, "story_index":3, "spot_id":89, "storyboard_id":87, "story_template":3},
 {"story_id":106, "story_index":4, "spot_id":165, "storyboard_id":87, "story_template":4},
 {"story_id":107, "story_index":5, "spot_id":170, "storyboard_id":87, "story_template":1},
 {"story_id":114, "story_index":1, "spot_id":91, "storyboard_id":94, "story_template":1},
 {"story_id":115, "story_index":2, "spot_id":93, "storyboard_id":94, "story_template":2},
 {"story_id":116, "story_index":3, "spot_id":122, "storyboard_id":94, "story_template":3},
 {"story_id":117, "story_index":4, "spot_id":126, "storyboard_id":94, "story_template":4},
 {"story_id":118, "story_index":5, "spot_id":147, "storyboard_id":94, "story_template":5},
 {"story_id":119, "story_index":1, "spot_id":143, "storyboard_id":96, "story_template":2},
 {"story_id":120, "story_index":2, "spot_id":122, "storyboard_id":96, "story_template":4},
 {"story_id":121, "story_index":3, "spot_id":141, "storyboard_id":96, "story_template":2},
 {"story_id":122, "story_index":4, "spot_id":125, "storyboard_id":96, "story_template":2},
 {"story_id":123, "story_index":5, "spot_id":157, "storyboard_id":96, "story_template":2},
 {"story_id":124, "story_index":1, "spot_id":89, "storyboard_id":97, "story_template":2},
 {"story_id":125, "story_index":2, "spot_id":90, "storyboard_id":97, "story_template":2},
 {"story_id":126, "story_index":3, "spot_id":91, "storyboard_id":97, "story_template":2},
 {"story_id":127, "story_index":4, "spot_id":92, "storyboard_id":97, "story_template":2},
 {"story_id":128, "story_index":5, "spot_id":93, "storyboard_id":97, "story_template":2},
 {"story_id":129, "story_index":1, "spot_id":93, "storyboard_id":95, "story_template":0},
 {"story_id":134, "story_index":1, "spot_id":101, "storyboard_id":102, "story_template":2},
 {"story_id":136, "story_index":2, "spot_id":90, "storyboard_id":102, "story_template":1},
 {"story_id":137, "story_index":3, "spot_id":91, "storyboard_id":102, "story_template":3},
 {"story_id":138, "story_index":4, "spot_id":93, "storyboard_id":102, "story_template":4},
 {"story_id":139, "story_index":5, "spot_id":92, "storyboard_id":102, "story_template":1},
 {"story_id":161, "story_index":1, "spot_id":90, "storyboard_id":111, "story_template":0},
 {"story_id":171, "story_index":1, "spot_id":90, "storyboard_id":117, "story_template":1},
 {"story_id":172, "story_index":1, "spot_id":106, "storyboard_id":118, "story_template":4},
 {"story_id":173, "story_index":2, "spot_id":92, "storyboard_id":118, "story_template":4},
 {"story_id":174, "story_index":3, "spot_id":90, "storyboard_id":118, "story_template":2},
 {"story_id":175, "story_index":4, "spot_id":89, "storyboard_id":118, "story_template":1},
 {"story_id":176, "story_index":5, "spot_id":90, "storyboard_id":118, "story_template":1}]