[{"story_image_id":176, "story_image_name":"story_\uc6b0\uc96c\uba54\ub9ac\ubbf8.png", "story_image_ul":"https://d3mf3wgh9v41yo.cloudfront.net/story_\uc6b0\uc96c\uba54\ub9ac\ubbf8.png", "story_image_index":1, "story_id":62},
 {"story_image_id":177, "story_image_name":"story_\uc624\uad6c.jpg", "story_image_ul":"https://d3mf3wgh9v41yo.cloudfront.net/story_\uc624\uad6c.jpg", "story_image_index":1, "story_id":63},
 {"story_image_id":178, "story_image_name":"story_\uc190\uc7a1.jpg", "story_image_ul":"https://d3mf3wgh9v41yo.cloudfront.net/story_\uc190\uc7a1.jpg", "story_image_index":3, "story_id":63},
 {"story_image_id":179, "story_image_name":"story_\uc624\uad6c.jpg", "story_image_ul":"https://d3mf3wgh9v41yo.cloudfront.net/story_\uc624\uad6c.jpg", "story_image_index":2, "story_id":64},
 {"story_image_id":180, "story_image_name":"story_\ud751\ubbf8.png", "story_image_ul":"https://d3mf3wgh9v41yo.cloudfront.net/story_\ud751\ubbf8.png", "story_image_index":3, "story_id":64},
 {"story_image_id":181, "story_image_name":"story_\uc624\uad6c.jpg", "story_image_ul":"https://d3mf3wgh9v41yo.cloudfront.net/story_\uc624\uad6c.jpg", "story_image_index":4, "story_id":64},
 {"story_image_id":182, "story_image_name":"story_\uc190\uc7a1.jpg", "story_image_ul":"https://d3mf3wgh9v41yo.cloudfront.net/story_\uc190\uc7a1.jpg", "story_image_index":2, "story_id":65},
 {"story_image_id":183, "story_image_name":"story_\uc6b0\uc96c\uba54\ub9ac\ubbf8.png", "story_image_ul":"https://d3mf3wgh9v41yo.cloudfront.net/story_\uc6b0\uc96c\uba54\ub9ac\ubbf8.png", "story_image_index":3, "story_id":65},
 {"story_image_id":184, "story_image_name":"story_\ud751\ubbf8.png", "story_image_ul":"https://d3mf3wgh9v41yo.cloudfront.net/story_\ud751\ubbf8.png", "story_image_index":4, "story_id":65},
 {"story_image_id":186, "story_image_name":"story_\uc190\uc7a1.jpg", "story_image_ul":"https://d3mf3wgh9v41yo.cloudfront.net/story_\uc190\uc7a1.jpg", "story_image_index":2, "story_id":66},
 {"story_image_id":187, "story_image_name":"story_\ud654\uba74 \ucea1\ucc98 2021-05-11 170112 - \ubcf5\uc0ac\ubcf8.png", "story_image_ul":"https://d3mf3wgh9v41yo.cloudfront.net/story_\ud654\uba74 \ucea1\ucc98 2021-05-11 170112 - \ubcf5\uc0ac\ubcf8.png", "story_image_index":3, "story_id":66},
 {"story_image_id":188, "story_image_name":"story_R1lWiNES.jpg", "story_image_ul":"https://d3mf3wgh9v41yo.cloudfront.net/story_R1lWiNES.jpg", "story_image_index":4, "story_id":66},
 {"story_image_id":260, "story_image_name":"story_\ucee4\ud50c.jpg", "story_image_ul":"https://d3mf3wgh9v41yo.cloudfront.net/story_\ucee4\ud50c.jpg", "story_image_index":1, "story_id":98},
 {"story_image_id":266, "story_image_name":"", "story_image_ul":"", "story_image_index":1, "story_id":103},
 {"story_image_id":267, "story_image_name":"story_\uc624\uad6c.jpg", "story_image_ul":"https://d3mf3wgh9v41yo.cloudfront.net/story_\uc624\uad6c.jpg", "story_image_index":2, "story_id":104},
 {"story_image_id":268, "story_image_name":"", "story_image_ul":"", "story_image_index":3, "story_id":104},
 {"story_image_id":269, "story_image_name":"", "story_image_ul":"", "story_image_index":4, "story_id":104},
 {"story_image_id":270, "story_image_name":"story_\uc6b0\uc96c\uba54\ub9ac\ubbf8.png", "story_image_ul":"https://d3mf3wgh9v41yo.cloudfront.net/story_\uc6b0\uc96c\uba54\ub9ac\ubbf8.png", "story_image_index":2, "story_id":105},
 {"story_image_id":271, "story_image_name":"", "story_image_ul":"", "story_image_index":3, "story_id":105},
 {"story_image_id":272, "story_image_name":"", "story_image_ul":"", "story_image_index":4, "story_id":105},
 {"story_image_id":273, "story_image_name":"", "story_image_ul":"", "story_image_index":2, "story_id":106},
 {"story_image_id":274, "story_image_name":"", "story_image_ul":"", "story_image_index":3, "story_id":106},
 {"story_image_id":275, "story_image_name":"", "story_image_ul":"", "story_image_index":4, "story_id":106},
 {"story_image_id":276, "story_image_name":"story_\uc6b0\uc96c\uba54\ub9ac\ubbf8.png", "story_image_ul":"https://d3mf3wgh9v41yo.cloudfront.net/story_\uc6b0\uc96c\uba54\ub9ac\ubbf8.png", "story_image_index":1, "story_id":107},
 {"story_image_id":277, "story_image_name":"", "story_image_ul":"", "story_image_index":3, "story_id":107},
 {"story_image_id":298, "story_image_name":"story_8.jpg", "story_image_ul":"https://d3mf3wgh9v41yo.cloudfront.net/story_8.jpg", "story_image_index":1, "story_id":92},
 {"story_image_id":299, "story_image_name":"story_9.jpg", "story_image_ul":"https://d3mf3wgh9v41yo.cloudfront.net/story_9.jpg", "story_image_index":3, "story_id":92},
 {"story_image_id":300, "story_image_name":"story_1.jpg", "story_image_ul":"https://d3mf3wgh9v41yo.cloudfront.net/story_1.jpg", "story_image_index":1, "story_id":93},
 {"story_image_id":304, "story_image_name":"story_12.jpg", "story_image_ul":"https://d3mf3wgh9v41yo.cloudfront.net/story_12.jpg", "story_image_index":2, "story_id":94},
 {"story_image_id":305, "story_image_name":"story_10.jpg", "story_image_ul":"https://d3mf3wgh9v41yo.cloudfront.net/story_10.jpg", "story_image_index":3, "story_id":94},
 {"story_image_id":306, "story_image_name":"story_6.jpg", "story_image_ul":"https://d3mf3wgh9v41yo.cloudfront.net/story_6.jpg", "story_image_index":4, "story_id":94},
 {"story_image_id":307, "story_image_name":"story_4.jpg", "story_image_ul":"https://d3mf3wgh9v41yo.cloudfront.net/story_4.jpg", "story_image_index":2, "story_id":95},
 {"story_image_id":308, "story_image_name":"story_11.jpg", "story_image_ul":"https://d3mf3wgh9v41yo.cloudfront.net/story_11.jpg", "story_image_index":3, "story_id":95},
 {"story_image_id":309, "story_image_name":"story_7.jpg", "story_image_ul":"https://d3mf3wgh9v41yo.cloudfront.net/story_7.jpg", "story_image_index":4, "story_id":95},
 {"story_image_id":310, "story_image_name":"story_3.jpg", "story_image_ul":"https://d3mf3wgh9v41yo.cloudfront.net/story_3.jpg", "story_image_index":2, "story_id":96},
 {"story_image_id":311, "story_image_name":"story_13.jpg", "story_image_ul":"https://d3mf3wgh9v41yo.cloudfront.net/story_13.jpg", "story_image_index":3, "story_id":96},
 {"story_image_id":312, "story_image_name":"story_11.jpg", "story_image_ul":"https://d3mf3wgh9v41yo.cloudfront.net/story_11.jpg", "story_image_index":4, "story_id":96},
 {"story_image_id":326, "story_image_name":"story_\uc228\uc7ac\ud601.jpg", "story_image_ul":"https://d3mf3wgh9v41yo.cloudfront.net/story_\uc228\uc7ac\ud601.jpg", "story_image_index":2, "story_id":120},
 {"story_image_id":327, "story_image_name":"story_\uc228\uc7ac\ud601.jpg", "story_image_ul":"https://d3mf3wgh9v41yo.cloudfront.net/story_\uc228\uc7ac\ud601.jpg", "story_image_index":3, "story_id":120},
 {"story_image_id":328, "story_image_name":"story_\uc228\uc7ac\ud601.jpg", "story_image_ul":"https://d3mf3wgh9v41yo.cloudfront.net/story_\uc228\uc7ac\ud601.jpg", "story_image_index":4, "story_id":120},
 {"story_image_id":329, "story_image_name":"story_\uc228\uc7ac\ud601.jpg", "story_image_ul":"https://d3mf3wgh9v41yo.cloudfront.net/story_\uc228\uc7ac\ud601.jpg", "story_image_index":1, "story_id":121},
 {"story_image_id":330, "story_image_name":"story_\uc228\uc7ac\ud601.jpg", "story_image_ul":"https://d3mf3wgh9v41yo.cloudfront.net/story_\uc228\uc7ac\ud601.jpg", "story_image_index":1, "story_id":122},
 {"story_image_id":331, "story_image_name":"story_\uc228\uc7ac\ud601.jpg", "story_image_ul":"https://d3mf3wgh9v41yo.cloudfront.net/story_\uc228\uc7ac\ud601.jpg", "story_image_index":1, "story_id":123},
 {"story_image_id":335, "story_image_name":"story_12.jpg", "story_image_ul":"https://d3mf3wgh9v41yo.cloudfront.net/story_12.jpg", "story_image_index":2, "story_id":116},
 {"story_image_id":336, "story_image_name":"story_9.jpg", "story_image_ul":"https://d3mf3wgh9v41yo.cloudfront.net/story_9.jpg", "story_image_index":3, "story_id":116},
 {"story_image_id":337, "story_image_name":"story_6.jpg", "story_image_ul":"https://d3mf3wgh9v41yo.cloudfront.net/story_6.jpg", "story_image_index":4, "story_id":116},
 {"story_image_id":338, "story_image_name":"story_8.jpg", "story_image_ul":"https://d3mf3wgh9v41yo.cloudfront.net/story_8.jpg", "story_image_index":2, "story_id":117},
 {"story_image_id":339, "story_image_name":"story_11.jpg", "story_image_ul":"https://d3mf3wgh9v41yo.cloudfront.net/story_11.jpg", "story_image_index":3, "story_id":117},
 {"story_image_id":340, "story_image_name":"story_7.jpg", "story_image_ul":"https://d3mf3wgh9v41yo.cloudfront.net/story_7.jpg", "story_image_index":4, "story_id":117},
 {"story_image_id":341, "story_image_name":"story_3.jpg", "story_image_ul":"https://d3mf3wgh9v41yo.cloudfront.net/story_3.jpg", "story_image_index":2, "story_id":118},
 {"story_image_id":342, "story_image_name":"story_13.jpg", "story_image_ul":"https://d3mf3wgh9v41yo.cloudfront.net/story_13.jpg", "story_image_index":3, "story_id":118},
 {"story_image_id":343, "story_image_name":"story_11.jpg", "story_image_ul":"https://d3mf3wgh9v41yo.cloudfront.net/story_11.jpg", "story_image_index":4, "story_id":118},
 {"story_image_id":344, "story_image_name":"story_1.jpg", "story_image_ul":"https://d3mf3wgh9v41yo.cloudfront.net/story_1.jpg", "story_image_index":1, "story_id":124},
 {"story_image_id":345, "story_image_name":"story_2.jpg", "story_image_ul":"https://d3mf3wgh9v41yo.cloudfront.net/story_2.jpg", "story_image_index":1, "story_id":125},
 {"story_image_id":346, "story_image_name":"story_3.jpg", "story_image_ul":"https://d3mf3wgh9v41yo.cloudfront.net/story_3.jpg", "story_image_index":1, "story_id":126},
 {"story_image_id":347, "story_image_name":"story_4.jpg", "story_image_ul":"https://d3mf3wgh9v41yo.cloudfront.net/story_4.jpg", "story_image_index":1, "story_id":127},
 {"story_image_id":348, "story_image_name":"story_5.jpg", "story_image_ul":"https://d3mf3wgh9v41yo.cloudfront.net/story_5.jpg", "story_image_index":1, "story_id":128},
 {"story_image_id":356, "story_image_name":"99_story_KakaoTalk_20210521_045240337.jpg", "story_image_ul":"https://d3mf3wgh9v41yo.cloudfront.net/99_story_KakaoTalk_20210521_045240337.jpg", "story_image_index":2, "story_id":99},
 {"story_image_id":357, "story_image_name":"99_story_KakaoTalk_20210521_045243869.jpg", "story_image_ul":"https://d3mf3wgh9v41yo.cloudfront.net/99_story_KakaoTalk_20210521_045243869.jpg", "story_image_index":3, "story_id":99},
 {"story_image_id":358, "story_image_name":"99_story_KakaoTalk_20210521_045242529.jpg", "story_image_ul":"https://d3mf3wgh9v41yo.cloudfront.net/99_story_KakaoTalk_20210521_045242529.jpg", "story_image_index":4, "story_id":99},
 {"story_image_id":362, "story_image_name":"", "story_image_ul":"", "story_image_index":2, "story_id":100},
 {"story_image_id":363, "story_image_name":"", "story_image_ul":"", "story_image_index":3, "story_id":100},
 {"story_image_id":364, "story_image_name":"", "story_image_ul":"", "story_image_index":4, "story_id":100},
 {"story_image_id":374, "story_image_name":"", "story_image_ul":"", "story_image_index":1, "story_id":101},
 {"story_image_id":375, "story_image_name":"", "story_image_ul":"", "story_image_index":3, "story_id":101},
 {"story_image_id":380, "story_image_name":"102_story_KakaoTalk_20210521_045242529.jpg", "story_image_ul":"https://d3mf3wgh9v41yo.cloudfront.net/102_story_KakaoTalk_20210521_045242529.jpg", "story_image_index":1, "story_id":102},
 {"story_image_id":382, "story_image_name":"134_story_KakaoTalk_20210521_045240337.jpg", "story_image_ul":"https://d3mf3wgh9v41yo.cloudfront.net/134_story_KakaoTalk_20210521_045240337.jpg", "story_image_index":1, "story_id":134},
 {"story_image_id":383, "story_image_name":"", "story_image_ul":"", "story_image_index":1, "story_id":136},
 {"story_image_id":384, "story_image_name":"", "story_image_ul":"", "story_image_index":3, "story_id":136},
 {"story_image_id":385, "story_image_name":"", "story_image_ul":"", "story_image_index":2, "story_id":137},
 {"story_image_id":386, "story_image_name":"", "story_image_ul":"", "story_image_index":3, "story_id":137},
 {"story_image_id":387, "story_image_name":"", "story_image_ul":"", "story_image_index":4, "story_id":137},
 {"story_image_id":388, "story_image_name":"", "story_image_ul":"", "story_image_index":2, "story_id":138},
 {"story_image_id":389, "story_image_name":"", "story_image_ul":"", "story_image_index":3, "story_id":138},
 {"story_image_id":390, "story_image_name":"", "story_image_ul":"", "story_image_index":4, "story_id":138},
 {"story_image_id":391, "story_image_name":"", "story_image_ul":"", "story_image_index":1, "story_id":139},
 {"story_image_id":392, "story_image_name":"", "story_image_ul":"", "story_image_index":3, "story_id":139},
 {"story_image_id":449, "story_image_name":"119_story_\ucd5c.jpg", "story_image_ul":"https://d3mf3wgh9v41yo.cloudfront.net/119_story_\ucd5c.jpg", "story_image_index":1, "story_id":119},
 {"story_image_id":460, "story_image_name":"114_story_9.jpg", "story_image_ul":"https://d3mf3wgh9v41yo.cloudfront.net/114_story_9.jpg", "story_image_index":1, "story_id":114},
 {"story_image_id":461, "story_image_name":"114_story_4.jpg", "story_image_ul":"https://d3mf3wgh9v41yo.cloudfront.net/114_story_4.jpg", "story_image_index":3, "story_id":114},
 {"story_image_id":462, "story_image_name":"115_story_1.jpg", "story_image_ul":"https://d3mf3wgh9v41yo.cloudfront.net/115_story_1.jpg", "story_image_index":1, "story_id":115},
 {"story_image_id":463, "story_image_name":"", "story_image_ul":"", "story_image_index":2, "story_id":172},
 {"story_image_id":464, "story_image_name":"", "story_image_ul":"", "story_image_index":3, "story_id":172},
 {"story_image_id":465, "story_image_name":"", "story_image_ul":"", "story_image_index":4, "story_id":172},
 {"story_image_id":466, "story_image_name":"", "story_image_ul":"", "story_image_index":2, "story_id":173},
 {"story_image_id":467, "story_image_name":"", "story_image_ul":"", "story_image_index":3, "story_id":173},
 {"story_image_id":468, "story_image_name":"", "story_image_ul":"", "story_image_index":4, "story_id":173},
 {"story_image_id":469, "story_image_name":"", "story_image_ul":"", "story_image_index":1, "story_id":174},
 {"story_image_id":470, "story_image_name":"", "story_image_ul":"", "story_image_index":1, "story_id":175},
 {"story_image_id":471, "story_image_name":"", "story_image_ul":"", "story_image_index":3, "story_id":175},
 {"story_image_id":472, "story_image_name":"", "story_image_ul":"", "story_image_index":1, "story_id":176},
 {"story_image_id":473, "story_image_name":"", "story_image_ul":"", "story_image_index":3, "story_id":176}]