[{"storyboard_id":52, "storyboard_title":"", "account_id":16, "background_id":139, "character_id":12, "music_id":37, "created_date":"2021-05-18 00:27:43", "modified_date":"2021-05-18 00:38:57", "wedding_card_id":0},
 {"storyboard_id":77, "storyboard_title":"test1", "account_id":2, "background_id":104, "character_id":12, "music_id":11, "created_date":"2021-05-18 10:36:37", "modified_date":"2021-05-19 09:56:12", "wedding_card_id":74},
 {"storyboard_id":86, "storyboard_title":"\uacb0\ud63c", "account_id":11, "background_id":139, "character_id":11, "music_id":9, "created_date":"2021-05-18 14:48:06", "modified_date":"2021-05-18 14:59:05", "wedding_card_id":75},
 {"storyboard_id":87, "storyboard_title":"", "account_id":19, "background_id":103, "character_id":12, "music_id":19, "created_date":"2021-05-18 14:54:37", "modified_date":"2021-05-18 14:58:38", "wedding_card_id":76},
 {"storyboard_id":92, "storyboard_title":"admin", "account_id":14, "background_id":0, "character_id":0, "music_id":0, "created_date":"2021-05-20 04:50:01", "modified_date":"2021-05-20 04:50:01", "wedding_card_id":0},
 {"storyboard_id":93, "storyboard_title":"", "account_id":14, "background_id":0, "character_id":0, "music_id":0, "created_date":"2021-05-20 04:50:14", "modified_date":"2021-05-20 04:50:14", "wedding_card_id":0},
 {"storyboard_id":94, "storyboard_title":"test2", "account_id":2, "background_id":104, "character_id":13, "music_id":9, "created_date":"2021-05-20 07:13:17", "modified_date":"2021-05-20 16:43:30", "wedding_card_id":77},
 {"storyboard_id":95, "storyboard_title":"", "account_id":11, "background_id":139, "character_id":11, "music_id":0, "created_date":"2021-05-20 07:40:20", "modified_date":"2021-05-20 19:36:51", "wedding_card_id":78},
 {"storyboard_id":96, "storyboard_title":"", "account_id":11, "background_id":124, "character_id":14, "music_id":22, "created_date":"2021-05-20 13:32:36", "modified_date":"2021-05-20 13:47:41", "wedding_card_id":79},
 {"storyboard_id":97, "storyboard_title":"\ucd08\ub300\ud569\ub2c8\ub2e4.", "account_id":18, "background_id":100, "character_id":11, "music_id":9, "created_date":"2021-05-20 17:02:07", "modified_date":"2021-05-20 17:04:58", "wedding_card_id":80},
 {"storyboard_id":102, "storyboard_title":"", "account_id":20, "background_id":102, "character_id":14, "music_id":11, "created_date":"2021-05-20 22:01:26", "modified_date":"2021-05-20 22:06:49", "wedding_card_id":82},
 {"storyboard_id":111, "storyboard_title":"", "account_id":20, "background_id":102, "character_id":14, "music_id":10, "created_date":"2021-05-20 23:17:07", "modified_date":"2021-05-20 23:17:35", "wedding_card_id":0},
 {"storyboard_id":117, "storyboard_title":"test3", "account_id":2, "background_id":106, "character_id":11, "music_id":13, "created_date":"2021-05-21 02:40:27", "modified_date":"2021-05-21 02:41:25", "wedding_card_id":0},
 {"storyboard_id":118, "storyboard_title":"", "account_id":12, "background_id":100, "character_id":11, "music_id":15, "created_date":"2021-05-21 02:47:24", "modified_date":"2021-05-21 02:50:42", "wedding_card_id":89}]