[{"story_template_id":1, "story_template_name":"storytemplate_s1.png", "story_template_url":"https://d3mf3wgh9v41yo.cloudfront.net/storytemplate_s1.png"},
 {"story_template_id":2, "story_template_name":"storytemplate_s2.png", "story_template_url":"https://d3mf3wgh9v41yo.cloudfront.net/storytemplate_s2.png"},
 {"story_template_id":3, "story_template_name":"storytemplate_s3.png", "story_template_url":"https://d3mf3wgh9v41yo.cloudfront.net/storytemplate_s3.png"},
 {"story_template_id":4, "story_template_name":"storytemplate_s4.png", "story_template_url":"https://d3mf3wgh9v41yo.cloudfront.net/storytemplate_s4.png"},
 {"story_template_id":5, "story_template_name":"storytemplate_s5.png", "story_template_url":"https://d3mf3wgh9v41yo.cloudfront.net/storytemplate_s5.png"}]