[{"wedding_card_map_id":27, "wedding_card_map_name":"\uc544\ub984\ub2e4\uc6b4\ucee8\ubca4\uc158\uc6e8\ub529", "wedding_card_map_x":127.09376681763133, "wedding_card_map_y":35.84195476343267, "wedding_card_id":75},
 {"wedding_card_map_id":28, "wedding_card_map_name":"\uc720\uc790\uc528\uc758\u3147\ud558\ub8e8", "wedding_card_map_x":127.345368517856, "wedding_card_map_y":34.8237006917811, "wedding_card_id":76},
 {"wedding_card_map_id":46, "wedding_card_map_name":"\uc0c1\ub85d\uc544\ud2b8\ud640", "wedding_card_map_x":127.0427093345381, "wedding_card_map_y":37.50381143136336, "wedding_card_id":74},
 {"wedding_card_map_id":47, "wedding_card_map_name":"\uc0e4\uc774\ub2dd\uc2a4\ud1a4 \ub85c\uc988\ud640", "wedding_card_map_x":126.922653480256, "wedding_card_map_y":37.5285065526257, "wedding_card_id":77},
 {"wedding_card_map_id":49, "wedding_card_map_name":"\uc0bc\uc131\ud654\uc7ac\uc778\uc7ac\uac1c\ubc1c\uc13c\ud130 \ub18d\uad6c\uc7a5", "wedding_card_map_x":127.300075546904, "wedding_card_map_y":36.3543468598001, "wedding_card_id":82},
 {"wedding_card_map_id":55, "wedding_card_map_name":"\uc0bc\uc131\ud654\uc7ac\uc720\uc131\uc5f0\uc218\uc6d0 \uc8fc\ucc28\uc7a53", "wedding_card_map_x":127.29973450228, "wedding_card_map_y":36.3537313109211, "wedding_card_id":79}]