[{"wedding_card_id":74, "wedding_card_date":"2021-05-22", "first_comment":"\uc11c\ub85c\uac00 \ub9c8\uc8fc\ubcf4\uba70 \ub2e4\uc838\uc628 \uc0ac\ub791\uc744\n\uc774\uc81c \ud568\uaed8 \ud55c \uacf3\uc744 \ubc14\ub77c\ubcf4\uba70 \uac78\uc5b4\uac08 \uc218 \uc788\ub294\n\ud070 \uc0ac\ub791\uc73c\ub85c \ud0a4\uc6b0\uace0\uc790 \ud569\ub2c8\ub2e4\n\uc800\ud76c \ub450 \uc0ac\ub78c\uc774\n\uc0ac\ub791\uc758 \uc774\ub984\uc73c\ub85c \uc9c0\ucf1c\ub098\uac08 \uc218 \uc788\uac8c\n\uc55e\ub0a0\uc744 \ucd95\ubcf5\ud574 \uc8fc\uc2dc\uba74\n\uac10\uc0ac\ud558\uaca0\uc2b5\ub2c8\ub2e4.", "man_account":"545-4866-4515", "man_phone":"010-8965-4848", "wedding_card_place":"\uc5ec\uc758\ub3c4 ** \ud638\ud154", "second_comment":"\uc77c\uc7ac\ud601                      \uc774\uc7ac\ud601", "wedding_card_time":"12:58", "woman_account":"4946-4551-963", "woman_phone":"010-8453-8453", "spot_id":173, "wedding_card_template":4},
 {"wedding_card_id":75, "wedding_card_date":"null", "first_comment":"", "man_account":"null", "man_phone":"null", "wedding_card_place":"null", "second_comment":"", "wedding_card_time":"null", "woman_account":"null", "woman_phone":"null", "spot_id":92, "wedding_card_template":3},
 {"wedding_card_id":76, "wedding_card_date":"2021-05-19", "first_comment":"", "man_account":"3560869791983", "man_phone":"01038400433", "wedding_card_place":"\u3147\u3147", "second_comment":"", "wedding_card_time":"15:58", "woman_account":"null", "woman_phone":"null", "spot_id":170, "wedding_card_template":3},
 {"wedding_card_id":77, "wedding_card_date":"2021-05-22", "first_comment":"\u314e\u314e", "man_account":"2525252", "man_phone":"234235235", "wedding_card_place":"\u314e\u314e", "second_comment":"\u314e\u314e", "wedding_card_time":"13:57", "woman_account":"252525", "woman_phone":"25252525", "spot_id":169, "wedding_card_template":3},
 {"wedding_card_id":78, "wedding_card_date":"", "first_comment":"", "man_account":"", "man_phone":"", "wedding_card_place":"", "second_comment":"", "wedding_card_time":"", "woman_account":"", "woman_phone":"", "spot_id":92, "wedding_card_template":1},
 {"wedding_card_id":79, "wedding_card_date":"2021-05-29", "first_comment":"\uc800\ud76c \uacb0\ud63c\ud558\uac8c \ub410\uc2b5\ub2c8\ub2e4.", "man_account":"", "man_phone":"", "wedding_card_place":"\uc720\uc131 \uc0bc\uc131\ud654\uc7ac \uc5f0\uc218\uc6d0", "second_comment":"\ud589\ubcf5\ud55c\ub0a0 \uc800\ud76c \uacb0\ud63c\uac00\uac8c \ub418\uc5c8\uc2b5\ub2c8\ub2e4.\n\ucd95\ubcf5\ud574\uc8fc\uc138\uc694.", "wedding_card_time":"03:41", "woman_account":"", "woman_phone":"", "spot_id":170, "wedding_card_template":1},
 {"wedding_card_id":80, "wedding_card_date":"2021-05-21", "first_comment":"\uc548\ub155", "man_account":"null", "man_phone":"01011111111", "wedding_card_place":"\uc548\ub155", "second_comment":"\uc548\ub155", "wedding_card_time":"02:06", "woman_account":"null", "woman_phone":"null", "spot_id":93, "wedding_card_template":4},
 {"wedding_card_id":82, "wedding_card_date":"2021-05-27", "first_comment":"\uae40\u3147\u3147 \uc774\u3147\u3147", "man_account":"\u3147\u3147\uc740\ud589 123456789", "man_phone":"010-1234-5678", "wedding_card_place":"\uc6e8\ub529\ud640", "second_comment":"\uc5f4\uc2ec\ud788 \uc0b4\uaca0\uc2b5\ub2c8\ub2e4!!\n\ucd95\ud558\ud574\uc8fc\uc138\uc694!", "wedding_card_time":"12:05", "woman_account":"\u3147\u3147\uc740\ud589 123456789", "woman_phone":"010-1234-5678", "spot_id":170, "wedding_card_template":3},
 {"wedding_card_id":89, "wedding_card_date":"", "first_comment":"", "man_account":"", "man_phone":"", "wedding_card_place":"", "second_comment":"", "wedding_card_time":"", "woman_account":"", "woman_phone":"", "spot_id":91, "wedding_card_template":1}]