[{"wedding_card_template_id":1, "wedding_card_template_img_name":"weddingcardtemplate_w1.png", "wedding_card_template_img_url":"https://d3mf3wgh9v41yo.cloudfront.net/weddingcardtemplate_w1.png"},
 {"wedding_card_template_id":2, "wedding_card_template_img_name":"weddingcardtemplate_w2.png", "wedding_card_template_img_url":"https://d3mf3wgh9v41yo.cloudfront.net/weddingcardtemplate_w2.png"},
 {"wedding_card_template_id":3, "wedding_card_template_img_name":"weddingcardtemplate_w3.png", "wedding_card_template_img_url":"https://d3mf3wgh9v41yo.cloudfront.net/weddingcardtemplate_w3.png"},
 {"wedding_card_template_id":4, "wedding_card_template_img_name":"weddingcardtemplate_w4.png", "wedding_card_template_img_url":"https://d3mf3wgh9v41yo.cloudfront.net/weddingcardtemplate_w4.png"}]