[{"wedding_card_image_id":29, "wedding_card_image_name":"card_15.png", "wedding_card_image_url":"https://d3mf3wgh9v41yo.cloudfront.net/card_15.png", "wedding_card_id":74},
 {"wedding_card_image_id":30, "wedding_card_image_name":"card_14.jpg", "wedding_card_image_url":"https://d3mf3wgh9v41yo.cloudfront.net/card_14.jpg", "wedding_card_id":77},
 {"wedding_card_image_id":32, "wedding_card_image_name":"82_card_KakaoTalk_20210521_045243869.jpg", "wedding_card_image_url":"https://d3mf3wgh9v41yo.cloudfront.net/82_card_KakaoTalk_20210521_045243869.jpg", "wedding_card_id":82},
 {"wedding_card_image_id":38, "wedding_card_image_name":"79_card_\ucd5c\ucd5c.jpg", "wedding_card_image_url":"https://d3mf3wgh9v41yo.cloudfront.net/79_card_\ucd5c\ucd5c.jpg", "wedding_card_id":79}]